,code_bar,name,mla,price_1,seller_1
0,7795371459443,ULTRAFLEX LATA X 300 G,MLA12247481,5770,254425738
1,7509552843620,DERMO EXPERT REV HIALU SERUM,MLA18956615,5119,608885756
2,3337875543248,VICHY MINERAL 89 X 50,MLA18964459,11000,174313627
3,3337875583626,HYALU B5 SERUM X30ML,MLA12754368,17500,174313627
4,7795323002420,NUTRILON PROFU 1 LATA X800GR,MLA9209971,6653,254425738
5,7795323773894,NUTRILON PROFU 1 POCH X1.2KG,MLA15821799,8556,114882315
6,7795323002437,NUTRILON PROFU 2 LATA X800GR,MLA9209972,6323,20263426
7,7795323002444,NUTRILON PROFU 3 LATA X800GR,MLA10395682,3500,226636472
8,7795323773900,NUTRILON PROFU 3 POCH X1.2KG,MLA15821801,5079,802099465
9,7891010882983,NEUTROGENA HYDRO BOOST W/GEL,MLA19899495,3837,807177490
10,4005900140906,EUCERIN SOL 50 T/SECO GELX 50,MLA16048275,7699,470299447
11,7792981010026,ENA CREATINA MONO ENV X 300G,MLA18907230,10965,254425738
12,7792981062018,ENA WHEY PR TRUE CHOCO X1000G,MLA14287437,7859,451174606
13,7792981062025,ENA WHEY PR TRUE COOKI X1000G,MLA14287436,7859,750301420
14,7792981060021,ENA WHEY PR TRUE VAINI X1000G,MLA14287435,7859,451174606
15,7793742003431,DERMAGLOS SOLAR F50 EMUL X250,MLA16048315,3999,478576920
16,7795371459559,BLUE-VIT B12 CM MAST ANANAX20,MLA19821197,1637,377840555
17,7795371459504,ULTRAFLEX MAGNESIO LATA X 420,MLA18444641,6667,254425738
18,4580193651440,CITIZEN TEN DIGITAL AUT GDE,MLA11250630,18513,177261708
19,4580193650870,CITIZEN TENSIOM DIG MUÑ CH617,MLA11219880,11429,142125695
20,4580193651389,CITIZEN TERMOMETRO CLINIC DIG,MLA23031581,1099,783719353
21,7798028884230,SILFAB ALMTE CERVICAL,MLA23447234,9975,420116833
22,7798028884223,SILFAB ALMTE LARGE,MLA23456165,9807,12146705
23,7798028882922,SILFAB BALANZA ELECT BC304,MLA15478375,8177.4,342741689
24,7798028883073,SILFAB BALANZA ELECT BE211,MLA7892092,5910,147148581
25,7798028881895,SILFAB BALANZA MECANICA BM100,MLA15272591,4600,12146705
26,7798028882649,SILFAB MANTA 1 PZA POLI 3 TEM,MLA22723747,16397,342741689
27,7798028880386,SILFAB NEBU A PISTON PIU VENT,MLA15071477,16750,194020207
28,7798028882687,SILFAB NEBU A PISTON PIXEL,MLA15071292,16764,12146705
29,7798028882168,SILFAB NEBU ULTRA SF POTENZA,MLA15071307,21895,1271572783
30,7798028883783,SILFAB OXIM PULSO DE DEDO,MLA17497224,5849,157925509
31,4580193651440,CITIZEN TEN DIGITAL AUT GDE,MLA11250630,18513,177261708
32,4580193650870,CITIZEN TENSIOM DIG MUÑ CH617,MLA11219880,11429,142125695
33,4580193651389,CITIZEN TERMOMETRO CLINIC DIG,MLA23031581,1099,783719353
34,7798028884230,SILFAB ALMTE CERVICAL,MLA23447234,9975,420116833
35,7798028884223,SILFAB ALMTE LARGE,MLA23456165,9807,12146705
36,7798028882922,SILFAB BALANZA ELECT BC304,MLA15478375,8177.4,342741689
37,7798028883073,SILFAB BALANZA ELECT BE211,MLA7892092,5910,147148581
38,7798028881895,SILFAB BALANZA MECANICA BM100,MLA15272591,4600,12146705
39,7798028882649,SILFAB MANTA 1 PZA POLI 3 TEM,MLA22723747,16397,342741689
40,7798028880386,SILFAB NEBU A PISTON PIU VENT,MLA15071477,16750,194020207
41,7798028882687,SILFAB NEBU A PISTON PIXEL,MLA15071292,16764,12146705
42,7798028882168,SILFAB NEBU ULTRA SF POTENZA,MLA15071307,21895,1271572783
43,7798028883783,SILFAB OXIM PULSO DE DEDO,MLA17497224,5849,157925509
44,8411061636268,BLUE SEDUCTION EDTV X100,MLA6093959,10400,335181614
45,8411061722756,GOLDEN SECRET EDT VAP X100,MLA5145227,10395,167693673
46,8411061813973,KING OF SEDUCT ABS X100,MLA6331685,11117,688619568
47,8411061971857,THE ICON MASCULINO EDT X100,MLA18590572,11812.5,313043158
48,3349666007921,ONE MILLION EDT VAP X100,MLA6072138,41782,688619568
49,3337875550628,ANTHELIOS 50 PED LECHE X250,MLA16048350,9964,324507430
50,3337875545891,ANTHELIOS 50 T SECO COLOR X50,MLA16048424,Null,Null
51,3337875546430,ANTHELIOS 50 T SECO X 50,MLA16048352,6710,167693673
52,3337872413018,CICAPLAST BAUME B5 X100,MLA16135315,7999,470299447
53,3337875598071,EFFACLAR DUO + APF,MLA12909647,10390,726655203
54,3337872411991,EFFACLAR GEL X400ML,MLA12487218,13058,377840555
55,3337872413025,EFFACLAR MAT X 40ML,MLA9196384,10684,324507430
56,3337875722827,EFFACLAR SERUM X 30ML,MLA19123630,17500,174313627
57,3337875613668,HYALU B5 OJOS X15ML,MLA14669556,14758.25,506786485
58,3337875660570,PURE VITAMIN C SERUM 30ML,MLA14669930,19000,174313627
59,3337875578486,TOLERIANE SENSITIVE,MLA9618339,7999,158516224
60,7795368547412,DIAR CAPS BLANDAS X 30,MLA19867276,3335,191047873
61,7798051852220,VALCATIL MAX CAPS X120,MLA19513470,10207.8,313043158
62,7798051851575,VALCATIL MAX CAPS X 30,MLA19909536,3197,254425738
63,7795323003434,NUTRILON A.R.2 LATA X800G,MLA15745533,9606,422720487
64,7795323772804,NUTRILON A.R. LATA X400G,MLA10973116,6456,470688538
65,8712400801089,NUTRILON PEPTI JR HE LATX400G,MLA9209968,7900,126294363
66,7795323774693,NUTRILON PROFU 1 BRIK24X200ML,MLA19475008,9974,20263426
67,7795323774709,NUTRILON PROFU 2 BRIK24X200ML,MLA19475010,9955,20263426
68,7795323774570,NUTRILON PROFU 2 BRIK X200ML,MLA19475010,9955,20263426
69,7795323774716,NUTRILON PROFU 3 BRIK24X200ML,MLA19475009,5566,191047873
70,7795323774587,NUTRILON PROFU 3 BRIK X200ML,MLA19475009,5566,191047873
71,7795323002451,NUTRILON PROFU 4 LATA X800GR,MLA9209976,3074,254425738
72,7795323773856,NUTRILON PROFU 4 POCH X1.2KG,MLA16176814,3800,736154987
73,7795323773672,NUTRILON S/LACTOSA (NF)X350G,MLA14409564,6829,470688538
74,7795323774839,VITAL 1 NF LATA X 800GR,MLA9209957,4899,166982154
75,7795323774846,VITAL 2 NF LATA X 800GR,MLA9230645,4339,20263426
76,7891000099551,NIDINA 1 ENV X 800G,MLA10859224,3650,1079956111
77,7891000099537,NIDINA 2 ENV X 800G,MLA10791888,3416,1079956111
78,7798176009752,SANCOR BEBE 1 NUT.COMP X800 G,MLA9209963,5002,179907718
79,7798176000674,SANCOR BEBE 2 NC 30U PACX 200,MLA14545417,11311,179907718
80,7798176009776,SANCOR BEBE 2 NUT.COMP X800 G,MLA14362923,4899,166982154
81,7798176009875,SANCOR BEBE 3 NC 30U PACX 200,MLA14545414,Null,Null
82,7798176009790,SANCOR BEBE 3 NUT.COMP X800 G,MLA9230647,4524,286936856
83,7790387015324,YERBA MAÑANITA X 500G,MLA20719063,763.56,57995397
84,38000845246,PRINGLES ORIGINAL X67G,MLA19977627,669.33,57995397
85,8429420190986,FOTO ISDIN 50 AGE REP 5 STARS,MLA19504484,10698,114479414
86,8429420154186,FOTO ISDIN 50 FUSION WAT MED,MLA19531221,7999,113253867
87,7896015520045,SENSODYNE DENT BLAN E/FREX 90,MLA16135101,810,162321615
88,7791984999536,102 MUJER CAPS X 30,MLA19532657,2198.82,254425738
89,7791984000485,102 PLUS COMP X 30,MLA19545230,1957.01,254425738
90,7791984999994,CURFLEX COMP X 30,MLA18444647,3490,1312952487
91,7791984001055,CURFLEX PLUS COMP X 30,MLA19539668,3933,802099465
92,7791984000010,MEGACISTIN COMP X 60,MLA19513499,3949,497611743
93,7791984000720,MEGACISTIN MAX COMP X 30,MLA19513490,4265.13,487968024
94,7791984000331,MEGACISTIN SH CAIDA CAB X 200,MLA19505094,1972,802099465
95,7791984999925,METABOLIC CLA CAPS BLANDASX60,MLA19545119,4236,24405034
96,7791984000881,VITENE CELLULI CAPS X 30,MLA22980227,2877,420116833
97,74312042904,NATURES BOUNTY CAL-MAG-ZIX100,MLA19545252,Null,Null
98,74312168871,NATURES BOUNTY FISH 1200 X 60,MLA18529569,4990,290734014
99,7798173570026,ECOHAIR SH ANTICAIDA X200ML,MLA17932352,3900,1217588695
100,3466320012838,CETAPHIL HUMECT CR X 453GR,MLA18390579,5990,377840555
101,7798008190771,SATIAL CARB CONTROL COMP X 60,MLA12247391,4062.6,377840555
102,7798008191044,SATIAL FOOD MONOCAPS X 12,MLA12247391,4062.6,377840555
103,7798008190979,SERRAPEP CAPS GASTRORRES X 30,MLA19546126,3300,760784230
104,3605532612836,LA VIE EST BELLE EDP X 75,MLA6072128,52200,313043158
105,4005900324016,EUCERIN ELAST FILLER DIA X 50,MLA10267638,12291.75,610743463
106,7319470066786,EUCERIN PIGMENT STOP BOOS30ML,MLA14748197,18041,324507430
107,7798181640674,NUTRIBABY 2 LATA X 800 G,MLA16272781,7500,1217588695
108,7792981010071,ENA CREATINA MICR FRUI X 300G,MLA18907231,11411,245720358
109,7792981058011,ENA GLUTAMINA PVO X 150G,MLA19545803,3472,179907718
110,7792981062049,ENA WHEY PROTEIN BANAN X1000G,MLA18510993,7859,451174606
111,7792981062032,ENA WHEY PR TRUE STRAW X1000G,MLA14287438,7859,175581810
112,7792981060052,ENA WHEY X PRO VAINIL X1000G,MLA18725805,10050,254425738
113,7790808035177,ASPEN NEB ROTAT BRCN116 PISTO,MLA15710276,19999,253480319
114,7798127370924,CHER EDP DIECIOCHO X100,MLA19464946,9775,377840555
115,7791600311131,PAULA ALEGRIA EDT VAP X100,MLA6200913,6574,236205447
116,7791600045418,PAULA EDT VAP X100,MLA6200913,6574,236205447
117,75486021689,HAWAIIAN TROP SHEER T F30X240,MLA16048380,3491,253815004
118,4005808319695,NIVEA BODY NUT P/EXT SECAX400,MLA16185120,1292,807177490
119,7790375245054,BAGOVIT A CLASS CR X 200 G,MLA19509378,3366.47,506786485
120,7793742004391,AVENO EMULS X 400 ML,MLA19145776,4409,802099465
121,7793742004384,AVENO JAB X 120 G,MLA17007752,1562,327500259
122,7793742004360,AVENO SHAMP X 250 ML,MLA19700577,2654,327500259
123,7793742007378,DERMAGLOS C HID INMEDIA X300,MLA16135253,3927,327500259
124,7793742007774,DERMAGLOS C HID PROF CR X200,MLA16135255,1887,377840555
125,7793742007569,DERMAGLOS C HID PROF EM X300,MLA16135295,2431.24,420116833
126,7793742007675,DERMAGLOS C REGENE INT EMX300,MLA16135192,3158,610743463
127,7793742007118,DERMAGLOS F SERUM AH X 30,MLA19477228,3527,377840555
128,7793742003509,DERMAGLOS SOLAR F30 EMUL X250,MLA16048421,2597,253815004
129,7793742032615,DERMAGLOS SOLAR F30 EMUL X380,MLA16251924,5155.79,1070809985
130,7793742003516,DERMAGLOS SOLAR F40 EMUL X250,MLA16048239,3511,377840555
131,7793742043512,DERMAGLOS SOLAR F40 EMUL X380,MLA16251925,6001,53165632
132,7793742003738,DERMAGLOS SOLAR F50 NI SPX170,MLA16048231,4939,377840555
133,7793742004759,DERMAGLOS SOLAR F50 S/COLX 50,MLA19504472,4778,286527767
134,7793742003264,DERMAGLOS SOLAR F65 CR X 90,MLA16048320,4199,478576920
135,7793742003707,DERMAGLOS SOLAR F80 CR X 90,MLA16048278,5291,377840555
136,73796801182,OMRON NEBULIZADOR COMP NEC801,MLA10481867,19190.4,167693673
137,73796612320,OMRON TENSIOM MUÑECA 6123,MLA10648643,9000,167693673
138,8710428010742,ENSURE ADVANCE CHOC PVO X400G,MLA18612492,4985,377840555
139,8710428011473,ENSURE ADVANCE VAIN BOTX220ML,MLA18557575,750,418856628
140,8427030007403,ENSURE ADVANCE VAIN PVO X850G,MLA14178541,10623,377840555
141,8710428017994,ENSURE PLUS FRUTILLA X220ML,MLA19920763,750,148936629
142,6922244700710,ENSURE VAINI PVO X1200G,MLA18212679,12051,320396604
143,6922244700703,ENSURE VAINI PVO X 800G,MLA18212680,8143.88,254425738
144,8710428013637,GLUCERNA TRIP CARE LATA X850G,MLA18930018,8091,610743463
145,7795371459603,ULTRAFLEX HMB 3000 LATA X420G,MLA18948068,6808,254425738
146,7798028884216,SILFAB ALMTE SMALL,MLA22564614,9145,434872795
147,7798028883493,SILFAB BY527 SECADOR CURVE,MLA19486990,7121,233893388
148,7798028883523,SILFAB BY612 PLANCHA HUM/SECO,MLA15055855,8699,57784489
149,7798028882656,SILFAB MANTA 2 PZA POLI 3 TEM,MLA23661398,27261.2,177261708
150,7798028881697,SILFAB NEBU A PISTON NEO VENT,MLA15074427,20165.76,342741689
151,7798028884216,SILFAB ALMTE SMALL,MLA22564614,9145,434872795
152,7798028883493,SILFAB BY527 SECADOR CURVE,MLA19486990,7121,233893388
153,7798028883523,SILFAB BY612 PLANCHA HUM/SECO,MLA15055855,8699,57784489
154,7798028882656,SILFAB MANTA 2 PZA POLI 3 TEM,MLA23661398,27261.2,177261708
155,7798028881697,SILFAB NEBU A PISTON NEO VENT,MLA15074427,20165.76,342741689
156,8411061737835,BLUE SEDUCTION EDTV X200,MLA6140771,29474.5,120308010
157,8411061791691,GOLDEN SECRET EDT EDTX200,MLA6140284,23999,117049113
158,8411061860410,HER SECRET TEMPT EDT X 80,MLA18590568,10303,688619568
159,8411061999332,THE ICON RE22 EDP X100,Null,Null,Null
160,8411061860502,THE SECRET TEMPT EDT X100,MLA18939380,12694,269965609
161,8411061723760,212 VIP MEN EDT NS X100,MLA6092917,39332,688619568
162,8411061607152,CH EDT VAP X100,MLA6072056,45500,152630806
163,8411061026342,CH GOOD GIRL X 80,MLA6271502,53640,167693673
164,8411061665022,CH MEN EDT VAP X100,MLA3820280,39012,24405034
165,3349668515660,PACO RABANNE INVICTUS X100,MLA6072132,41782,688619568
166,3349668576111,XS BLACK F/MEN EDT VAP NCX100,MLA6092889,40500,227800998
167,3337875764353,ANTHELIOS 50 AGE C/COLOR X50,MLA19509075,11100,320396604
168,3337875761031,ANTHELIOS 50 AGE CORRECT X50,MLA19509065,10545,506786485
169,3337872420153,ANTHELIOS 50 BRUME CPO X 200,MLA16048342,10525,187283537
170,3337875797597,ANTHELIOS UVMINE FLUID 50+REN,MLA19638909,6349.5,167693673
171,3337872412998,CICAPLAST BAUME B5 X 40,MLA16135202,4602.74,506786485
172,3337872412516,EFFACLAR EAU MICELAR X400ML,MLA17375823,11499.75,506786485
173,3337872411083,EFFACLAR GEL X200ML,MLA19321042,8800,726655203
174,3337875729864,HYALU B5 AMPOLLAS X7 X1.8,MLA19477236,9752,5711985
175,3337875583589,HYALU B5 SOIN X40ML,MLA19837085,16696.25,506786485
176,3337875731638,HYDRAPHASE HA LIGERA X50ML,MLA19560999,15119.24,506786485
177,7795368547375,DIARIS OMEGA CAPS X 30,MLA20009428,2891,114479414
178,7798051851698,VALCATIL MAX CAPS X 60,MLA19639735,5871,254425738
179,7798051851933,VALCATIL MAX CAPS X 90,MLA19808581,8179.8,254425738
180,7795323000273,NUTRILON HA LATA X400G,MLA9209967,7700,230201415
181,8718117601066,NUTRILON PEPTI SYNEO LATA X400G,MLA10859232,6931,422720487
182,8712400801072,NUTRILON PREMATU 1 LATA X400G,MLA9097285,7999,19621873
183,7795323774747,VITAL 2 NF BRIK X 24 X 200 ML,MLA21361533,6750,162321615
184,7506205806506,ENFABEBE A.R. LATA X400G,MLA9209961,5000,126294363
185,3600524057336,RETINOL SERUM OAP RVTL30HZ BR,MLA22478213,6076,608885756
186,38000184963,PRINGLES ORIG X 124 G,MLA19977632,1250,1217588695
187,8470001699664,FOTO ISDIN 50 DRYTOUCH GCX50,MLA19504526,7071,420116833
188,8470001631718,FOTO ISDIN 50 DRYTOU COLORX50,MLA19504500,7494,114479414
189,8429420113374,ISDINCEUTICS K-OX EYES,MLA18957835,23300,802641616
190,7794640172809,CENTRUM BASE COMP X 60,MLA19544893,4208,73994558
191,7794640172823,CENTRUM HOMBRE COMP X 60,MLA19545005,5050.66,313043158
192,7794640170386,PARODONTAX BLANQ CR DENT X116,MLA16134779,1302.3,313043158
193,7896015591106,SENSODYNE DENT LIMP PROF X 90,MLA16135019,637,162321615
194,7502236153343,DEKKIN AURIC TWS BLUETOOTH,MLA21850021,6399,71229887
195,7791984000492,102 PLUS COMP X 60,MLA19805185,3705,430558519
196,7790813130133,LEVADURA.VIRGEN CERV PVO X500,MLA19701216,1889.97,313043158
197,7791984000713,MEGACISTIN MAX LOC X 120,MLA19639729,2398.71,254425738
198,7791984001079,METABOLIC MAX CAPS X 60,MLA19700947,4583,420116833
199,74312060113,NATURES BOUNTY L-LYSINE X 60,MLA19544828,3590,290734014
200,74312017513,NATURES BOUNTY VITAMI E X120,MLA19544983,4690,160966636
201,7798140250289,MULTI-O PLEASURE GEL X 20G,MLA19990709,1617,191047873
202,7798173570101,ECOHAIR REP CAPI ACOND X200ML,MLA17932266,3450,1217588695
203,22548024324,TOMMY MEN COL VAP X100,MLA3821724,40000,48923563
204,7798095410233,AVENE AGUA TERMAL X150,MLA14723242,6622,344354557
205,7798095410240,AVENE AGUA TERMAL X300,MLA13686679,13242,1221717272
206,7799075000017,AVENE SOL 50 FLUIDO MATE X 50,MLA16048500,7725,324507430
207,4005900436962,EUCERIN DERMOPUR FLUI MATX 50,MLA19477235,7410,579982093
208,4005800180606,EUCERIN DERMOPUR GEL LIMPX400,MLA14574698,11471,320396604
209,4005900324023,EUCERIN ELAST FILLER NOCHX 50,MLA22360190,17221,610743463
210,4005900656063,EUCERIN HYAL FILER H/BOOSX 30,MLA19724822,7416.67,420116833
211,4005800024023,EUCERIN HYAL FILER NOCHE X 50,MLA10287039,16263,377840555
212,4005800037092,EUCERIN SH REV ANTICAIDA X250,MLA17896307,5390.4,286527767
213,4005900264282,EUCERIN SOL 50 CC CREAM X 50,MLA16048241,8418,377840555
214,4005900839626,EUCERIN SOL 50 GEL TS CLAX 50,MLA19509067,8347,377840555
215,4005800241901,EUCERIN SOL 50 PIGMENT CTX 50,MLA16048338,8773,497611743
216,7792981004506,ENA AMINO 4500 TABS X 150,MLA19931089,4789,48869990
217,7792981005015,ENA BETA ATTACK TAB X 60,MLA19545549,1991.46,216066558
218,7792981002199,ENA CARBO ENERGY X 540G,MLA19545766,2070,355734583
219,7792981067006,ENA COLAGENO SPORT X 407G,MLA19751011,6720,518997211
220,7792981003417,ENA HYDROXY MAX TABS X 120,MLA19545259,2160,355576322
221,7792981000102,ENA PLANT PROTEIN X375G,MLA19532648,4329,451174606
222,7796285277093,INFILTREX COMP X 30,MLA18948070,9841,377840555
223,7891962058405,BAUDUCCO OBLEA FRESA X 78G,MLA19733655,2324,273864798
224,7790375004385,BAGOVIT A CUID COT.SEDA X350G,MLA19509274,3795.3,191047873
225,7790375000042,BAGOVIT A EM AUTOBRONC X200G,MLA19956329,3588.86,506786485
226,7790375001308,BAGOVIT A EMULS P/EXTRAX350G,MLA19461988,3495.62,506786485
227,7790375268824,BAGOVIT A MANOS Y UÑAS CR X50,MLA19717280,1546.7,506786485
228,7790375268886,BAGOVIT SOLAR F75 EMUL X180,MLA19734263,4275,114479414
229,7793742005428,AVENO INF SH X 250 ML,MLA19505195,3237,327500259
230,7793742007682,DERMAGLOS C REGENE INT CRX100,MLA16135308,2906,320396604
231,7793742007613,DERMAGLOS F CONT OJOS CR X 15,MLA19474766,4075.5,465536541
232,7793742007897,DERMAGLOS F HID F12 PN CRX 50,MLA19755003,1653,1221717272
233,7793742007972,DERMAGLOS PIEL DEL DIABETX300,MLA16135251,4605.75,167693673
234,7793742003592,DERMAGLOS SOLAR F30 SPRAYX170,MLA16048422,3762,377840555
235,7793742003806,DERMAGLOS SOLAR F40 EF/SEX180,MLA16048346,4513,286527767
236,7793742004520,DERMAGLOS SOLAR F50 CLAROX 50,MLA16048550,3827.2,497611743
237,7793742004568,DERMAGLOS SOLAR F50 MEDIOX 50,MLA16189495,4027,802641616
238,7793742003790,DERMAGLOS SOLAR F50 NI EMX180,MLA16048374,4827,114479414
239,7793742003967,DERMAGLOS SOLAR POST GEL X300,MLA22587255,3559,327500259
240,7793742002984,HIPOGLOS CUID DIARIO CR X30G,MLA19535997,1334,320396604
241,7793742002991,HIPOGLOS CUID DIARIO CR X90G,MLA19559081,3001,377840555
242,8710428014085,ENSURE ADVANCE FRUT PVO X400G,MLA18612494,4985,377840555
243,8427030007397,ENSURE ADVANCE VAIN PVO X400G,MLA13594022,5458.5,610743463
244,8710428018014,ENSURE PLUS CHOCOLATE X220ML,MLA19920772,1145,320396604
245,8710428018038,ENSURE PLUS VAINILLA X220ML,MLA20009809,1390.74,254425738
246,6922244700697,ENSURE VAINI PVO X 400G,MLA18421477,4014.82,254425738
247,8710428022141,GLUCERNA PVO VAIN LATA X400G,MLA19700789,6744.5,610743463
248,7795371459245,FALIC GEL POM X50 G,MLA20939809,942,191047873
249,7798028884247,SILFAB ALMTE CINTURA DESMONTA,MLA22575930,10999,122448630
250,7798028883400,SILFAB BALANZA ELECT BE212,MLA16031597,5772,122448630
251,7798028883479,SILFAB BY503 SECADOR VIAJE,MLA20906218,5825,233893388
252,7798028883899,SILFAB COLCHON ANTIESCARAS,MLA23906335,17610.64,342741689
253,7798028883127,SILFAB FRAZADA TERMICA GRIS,MLA20039402,34499,1217588695
254,7798028883769,SILFAB NEBU ULTRA NUOVO N60,MLA19861599,20210,12146705
255,7798028884131,SILFAB NEBU ULTRA NUOVO P N61,MLA19713763,19015,35970550
256,7798028883530,SILFAB PLANCHA PELO ANGOSTA,MLA15047969,9697.6,342741689
257,7798028884247,SILFAB ALMTE CINTURA DESMONTA,MLA22575930,10999,122448630
258,7798028883400,SILFAB BALANZA ELECT BE212,MLA16031597,5772,122448630
259,7798028883479,SILFAB BY503 SECADOR VIAJE,MLA20906218,5825,233893388
260,7798028883899,SILFAB COLCHON ANTIESCARAS,MLA23906335,17610.64,342741689
261,7798028883127,SILFAB FRAZADA TERMICA GRIS,MLA20039402,34499,1217588695
262,7798028883769,SILFAB NEBU ULTRA NUOVO N60,MLA19861599,20210,12146705
263,7798028884131,SILFAB NEBU ULTRA NUOVO P N61,MLA19713763,19015,35970550
264,7798028883530,SILFAB PLANCHA PELO ANGOSTA,MLA15047969,9697.6,342741689
265,8411061636275,BLUE SEDUCTION EDTV X 50,MLA3821969,7533,167693673
266,8411061982617,BLUE SEDUCTION WOM EDTV X 50,MLA6093957,6648,1066764159
267,8411061982105,BLUE SEDUCTION WOM EDTV X 80,MLA17477213,9139.5,167693673
268,8411061727935,GOLDEN SECRET EDT VAP X 50,MLA6092883,7324,688619568
269,8411061860441,HER SECRET TEMPT EDT X 50,MLA18590570,6915,688619568
270,8411061829530,KING OF SEDUCT ABS X200,MLA6331689,23990,170930540
271,8411061819623,KING OF SEDUCT ABS X 50,MLA6331687,7324,688619568
272,8411061784273,KING OF SEDUCT EDTV X100,MLA18947040,10395,167693673
273,8411061971918,POWER OF SED FORCE EDT X100,MLA19720603,Null,Null
274,8411061695951,SEDUCTION IN BLACK EDT X100,MLA19035350,9297,313043158
275,8411061971925,THE ICON MASCULINO EDT X 50,MLA18590573,8653.5,167693673
276,8411061701034,THE SECRET EDTV X 100,MLA19175925,10395,167693673
277,8411061701034,THE SECRET FD21 (EDT100+DEO),MLA19175925,10395,167693673
278,8411061865408,212 EDT VAP X100,MLA6142254,45135,313043158
279,8411061972656,212 HEROES EDT X 90,MLA18075547,38982,688619568
280,8411061994696,212 HEROES FOR HER EDP X 80,MLA19034511,48470,94850467
281,8411061853207,212 MEN NYC X200,MLA6317442,64450,55203063
282,8411061865439,212 SEXY EDP VAP X100,MLA6093905,52900,4617559
283,8411061870518,212 VIP BLACK EDP NS X200,MLA9033853,66105,145929011
284,8411061711804,212 VIP EDP VAP X 50,MLA6092911,43399,31032610
285,8411061711767,212 VIP EDP VAP X 80,MLA6092913,49144,688619568
286,8411061781197,212 VIP ROSE EDP VAP X 30,MLA6138826,39490,170930540
287,8411061777183,212 VIP ROSE EDP VAP X 50,MLA6138824,43900,209272780
288,8411061777176,212 VIP ROSE EDP VAP X 80,MLA6137685,49144,688619568
289,8411061923245,CH BAD BOY EDT X 100,MLA16006044,43965,167693673
290,8411061607176,CH EDT VAP X 30,MLA6072054,27405,377840555
291,8411061607169,CH EDT VAP X 50,MLA6279444,38499,170930540
292,8411061041673,CH GOOD GIRL EDP X 30,MLA6271498,36855,313043158
293,8411061026250,CH GOOD GIRL EDP X 50,MLA6271500,46075,506786485
294,3349668588732,INVICTUS VICTORY EDP X100,MLA18462358,47668,688619568
295,3349668508587,LADY MILLION EDP VAP X 80,MLA6093371,54650,414988398
296,3137370321545,NINA LUNA EDTV X 30ML,MLA6291363,25000,1217588695
297,3349668566372,ONE MILLION EDT VAP X200,MLA6072140,68580,313043158
298,3349668601073,ONE MILLION ELIX 22 INTE X 50,MLA19836505,42760,145929011
299,3349668562671,ONE MILLION LUCKY EDT X100ML,MLA14674854,52900,119407747
300,3349668515653,PACO RABANNE INVICTUS X 50,MLA6072130,36450,24405034
301,3349668568093,PACO RABANNE OLYMPEA EDPX 50,MLA6140126,51800,345870975
302,3349668528677,PACO RABANNE OLYMPEA EDPX 80,MLA6138962,60000,1188993259
303,3349668582297,PACO RABANNE PHANTOM EDT X100,MLA18590564,42000,157761264
304,3349668596348,PACO RABANNE PHANTOM EDT X150,MLA18590566,56840,145929011
305,3349668545667,XS PURE EDP VAP FEM X 50,MLA19352178,48599,31032610
306,3349668576173,XS PURE EDT VAP X100,MLA8736666,45700,239518093
307,3433422404397,AGUA TERMAL LRP. AERO X 150ML,MLA11928463,6775,94449950
308,3337875588560,ANTHELIOS 50 CREMA ULTRA X50,MLA16048298,9235,420116833
309,3337875706681,ANTHELIOS 50 MINERAL ONE 03,MLA19759215,7105,313043158
310,3337872412752,ANTHELIOS 50 PED LECHE X100,MLA16048517,Null,Null
311,3337875696838,ANTHELIOS 50 SPRAY NEW X200ML,MLA19903387,11741.4,313043158
312,30089372,ANTHELIOS 50 STICK LABIOS,MLA17331976,4015,802641616
313,3337875797641,ANTHELIOS UVMINE FLUID50+AP T,MLA19638910,8854,385783333
314,3337875517300,CICAPLAST BAUME B5 FPS 50,MLA16135268,6440,215936606
315,30106659,CICAPLAST LABIOS POMO X7.5ML,MLA19581333,6850.8,313043158
316,3337872414145,CICAPLAST MANOS POMO X 50,MLA19453021,7999,158516224
317,3337875518451,EFFACLAR DUO UNIFIANT LIGHT,MLA23228761,12675,610743463
318,3337875708265,EFFACLAR GEL MICROEXFOLX200ML,MLA19724517,10157.4,313043158
319,3337872412646,HYDRAPHASE INT OJOS X15ML,MLA9618337,15404.25,506786485
320,3337872413735,LAROCHE PURE VITAMIN C OJ X15,MLA9618333,20000,65910469
321,3337872418778,LIPIKAR GEL LAVANT X 200ML,MLA16135162,5490,158516224
322,3337872418785,LIPIKAR GEL LAVANT X 400ML,MLA16135278,7990,158516224
323,3337875685818,LIPIKAR LAIT UREA 5% X 400,MLA19455121,17695,324507430
324,3337875552097,LIPIKAR LAIT X200 ML,MLA16135170,9990,158516224
325,3337875528092,LRP AGUA MICELAR P/REACT X200,MLA17375831,9000,65910469
326,3337875528108,LRP AGUA MICELAR P/REACT X400,MLA17375807,13845,286527767
327,3337872414039,REDERMIC (R) OJOS X 15,MLA9708575,21990,158516224
328,3337875694469,RETINOL B3 SERUM X 30ML,MLA19627219,19000,174313627
329,3337872410338,TOILETTE PHYSIOL SOL MIC X200,MLA17375821,7953,497611743
330,3337875757614,TOLERIANE DERMALLER CR X40ML,MLA19724819,9234,167693673
331,3337875757669,TOLERIANE DERMALLER FLU X40ML,MLA19866311,13247,377840555
332,3433422406599,TOLERIANE DERMO LIMP X200ML,MLA14544318,12877.25,506786485
333,7795368002935,AUCIC CAPS X 30,MLA19743261,1788,377840555
334,7795312108928,PHARMATON 50+OMEGA3 CAPS X 30,MLA19761012,3241,320396604
335,7795323001027,NUTRILON A.R. LATA X800G,MLA10805637,24141.6,313043158
336,7795323001973,NUTRILON PREMATU 2 LATA X400G,MLA9077500,10200,1015142540
337,7795323002413,NUTRILON PROFU 1 LATA X400GR,MLA9222024,4579,179907718
338,7795323773818,NUTRILON PROFU 2 POCH X1.2KG,MLA19855755,8278,179907718
339,7795323002505,NUTRILON PROFU 3 BRIK 1000ML,MLA10730860,1105,191047873
340,7795323002512,NUTRILON PROFU 4 BRIK 1000ML,MLA10730861,1575,179907718
341,7795323003359,NUTRILON S/LACTOSA LCP X800G,MLA9209977,14751,153224484
342,8712400771313,NUTRILON SOYA LATA X400G,MLA9088183,14139.9,313043158
343,7795323774730,VITAL 1 NF BRIK X 24 X 200ML,MLA21394682,7140,162321615
344,7795323774754,VITAL 3 NF BRIK X 24 X 200ML,MLA21394681,3277,179907718
345,7795323002796,VITAL 3 NF PACK X 6U X1000ML,MLA14610536,4390,162321615
346,7891010253844,NEUTROGENA CR FAC HIDR M 3EN1,MLA19776251,1486.38,215936606
347,7798176000759,SANCOR BEBE 1 ADV.LATA X 800G,MLA21032330,6552,802099465
348,7798176009677,SANCOR BEBE 1 NUT.COMP X500ML,MLA10829038,972.57,254425738
349,7798176009691,SANCOR BEBE 2 NUT.COMP X500ML,MLA10395679,922.76,254425738
350,7798176009639,SANCOR BEBE 3 NUT.COMPX1000ML,MLA15239728,2343,1221717272
351,3348900417878,JADORE EDP VAP X100,MLA6072092,59999,212298174
352,3348901362832,{MISS DIOR EDP NV VAP X100,MLA6140803,57999,152630806
353,3348901368247,SAUVAGE EDP X100,MLA11230459,73950,19459797
354,3348901428545,SAUVAGE EDP X200,MLA16092535,89100,345870975
355,3348901250146,SAUVAGE EDT X100 REFILLABLE,MLA6153190,49600,345870975
356,3348901321129,SAUVAGE EDT X200,MLA6237974,72900,345870975
357,7791014001369,TULIPAN PRE X CLASSIC 16X 3,MLA19957334,4600,117987317
358,7793306993512,KELLOGG'S FROOTLOOPS X175G,MLA19943715,698,273864798
359,7896004006369,KELLOGG'S ZUCARITAS X 300G,MLA19943729,Null,Null
360,38000185014,PRINGLES QUESO X 124G,MLA19977628,1250,1217588695
361,38000845260,PRINGLES QUESO X67G,MLA19957987,794,307797200
362,3430750528658,JEANNE BALCON MEDIT EDPX100,MLA21781194,9800,1217588695
363,8429420201361,FOTO ISDIN 30 FUSION WAT URB,MLA19509079,7999,1070809985
364,8429420142312,FOTO ISDIN 30 GEL CREMA X250,MLA19504470,8727,114479414
365,8429420160613,FOTO ISDIN 50 AGE REP SPF COL,MLA19509069,10698,320396604
366,8429420226272,FOTO ISDIN 50 FUS WAT BRONX50,MLA20722524,Null,Null
367,8429420226265,FOTO ISDIN 50 FUS WAT LIGHX50,MLA20067103,8429,399346828
368,8429420192263,FOTO ISDIN 50 HYDROLOT +200ML,MLA19504477,9714.31,506786485
369,8429420196377,FOTO ISDIN 50 PED FUSION WAT,MLA19558494,8406,114479414
370,8429420188020,FOTO ISDIN 50 PED WET SPRX250,MLA20004276,14793,287956865
371,8429420187917,FOTO ISDIN 50 WET SPRAY X250,MLA20004221,12782,114479414
372,8470003233941,FOTO ISDIN AFT SUN INMED X200,MLA21159029,7999,113253867
373,8470003854849,GERMISDIN ORIGINAL X500ML,MLA19981565,4891,114479414
374,8429420175372,GLICOISDIN 15% CR X 50 ML,MLA19745271,15113,497611743
375,8429420175327,GLICOISDIN 25% GEL X 50 ML,MLA19724709,15060,802641616
376,8429420175341,GLICOISDIN 8% CR X 50 ML,MLA19491371,Null,Null
377,8470001812353,ISDINCEUTICS A.G.E REV DAYX50,MLA22193498,30194,802641616
378,8429420172401,ISDINCEUTICS A.G.E REV NIGX50,MLA19724462,30189,320396604
379,8470001864826,ISDINCEUTICS DAY&NIGHT 10+10,MLA22193484,21989,114479414
380,8470001769145,ISDINCEUTICS FLAVO-C SERUM 30,MLA19129438,21816,802641616
381,8429420164390,ISDINCEUTICS HYALUR AMP X 30,MLA19725037,21077,802641616
382,8429420200678,ISDINCEUTICS HYALUR CONCEX 30,MLA18956634,18474,802641616
383,8429420136472,ISDINCEUTICS NIGHT PEEL 10AM,MLA14718494,10570,226570703
384,8429420203082,ISDINCEUTICS VITAL EYES X 15,MLA19532520,20711,802641616
385,8429420128644,ISDIN SOL MICELAR X400,MLA20921247,11861.81,506786485
386,7794640172793,CENTRUM BASE COMP X 30,MLA19700787,2063.48,313043158
387,7794640172830,CENTRUM MUJER COMP X 30,MLA19559372,2476.92,313043158
388,7794640172878,CENTRUM SILVER HOMBRE CM X60,MLA23544636,5411.71,313043158
389,7794640172885,CENTRUM SILVER MUJER CM X60,MLA19532638,5411.71,313043158
390,7794640173073,HINDS CR ROSA PLUS X250,MLA19717818,645,162321615
391,7794640171772,PARODONTAX CEP,MLA19782544,607,162321615
392,5054563054975,PARODONTAX DENT COMP PRO X126,MLA16134986,977,162321615
393,7896015527457,PARODONTAX DENT FLUOR X 90G,MLA16135134,1153.95,162321615
394,7896009419294,SENSODYNE DENT MULTIPROT X 90,MLA16134765,777,162321615
395,7896009419324,SENSODYNE DENT ORIGINAL X 90,MLA16134690,600.38,187283537
396,7896015520526,SENSODYNE DENT PROESMALT X 90,MLA16134769,1087,313043158
397,7794640662553,SENSODYNE DENT PROESM BLAX113,MLA16134838,1138.5,313043158
398,7794640172472,SENSODYNE DENT R/AL BLANQX100,MLA16135130,979,48869990
399,7794640171550,SENSODYNE DENT RAP ALIVI X100,MLA16135114,999,162321615
400,7794640170133,SENSODYNE DENT REP/PROTE X100,MLA16134911,1028.25,313043158
401,7794640170720,SENSODYNE DENT R/PR BLANQX100,MLA16135158,1199,162321615
402,7791984000508,102 PLUS COMP X 90,MLA19826130,5570.81,254425738
403,7791984000515,102 PLUS EFER SOB X 15,MLA20008597,1499,430558519
404,7790813130140,LEVADURA.VIRGEN QUESO PVOX200,MLA21606042,1062.42,313043158
405,7791984999949,NUTRIFARMA COLAGENO COMP X 30,MLA18616243,1430.04,231651611
406,7791984000065,SNELLA VAG GEL X 60 G,MLA19956528,977,162321615
407,7798173570033,ECOHAIR SH ANTICASPA X200ML,MLA17897121,1514.8,167693673
408,7798173570033,ECOHAIR SH ANTICASPA X200ML,MLA17897121,1514.8,167693673
409,3499320004497,CETAPHIL DERMOC ESPUMAX 236ML,MLA20035088,7029,377840555
410,3499320007986,CETAPHIL HIDRAT CR DIAX 88ML,MLA19745279,8890,377840555
411,3423473020509,DOLCE &GABB L.B PH EDTX 75,MLA6304512,36350,188155822
412,22548040119,TOMMY GIRL COLOGNE VAP X 50,MLA6329463,28500,30586222
413,22548055373,TOMMY MEN COL VAP X 30,MLA6514774,20424,127422368
414,7794428011870,SOLENIL 100 PLUS CR X 150,MLA19589280,3343.24,231651611
415,3614272629387,IDOLE EDP X 75ML,MLA16131332,52200,313043158
416,3605533286555,LA VIE EST BELLE EDP X100,MLA6140723,69999,181050334
417,3605532612690,LA VIE EST BELLE EDP X 30,MLA5360656,34110,145929011
418,3605532612768,LA VIE EST BELLE EDP X 50,MLA6092973,53900,1062154940
419,7798095410226,AVENE AGUA TERMAL X 50,MLA14737902,3655.8,167693673
420,7799075001120,AVENE A-OXITIVE CR DIA X 30,MLA19790039,13676,24405034
421,7798095417942,AVENE CLEANANCE LOC MICELX400,MLA17375914,9390,158516224
422,7799075000369,AVENE DERMABSOLU C/OJOS X 15,MLA19725189,13910.4,167693673
423,7799075000086,AVENE HYDRANCE INTE SERUM X30,MLA19724927,11780,385783333
424,7798095415801,AVENE LOC MICELAR X200,MLA17375908,6149,158516224
425,7798095418970,AVENE SOL 50 LECHE NIñOS X250,MLA16048284,Null,Null
426,7798095415337,AVENE SOL 50 SPRAY NIÑOS X200,MLA16048583,6763,377840555
427,7798095415238,AVENE SOL 50 SPRAY X 200,MLA16048330,7500,246540262
428,7798095415764,AVENE SOL POST REPARADOR X400,MLA22587274,10137,286146489
429,7798122341417,VIASEK ESPUMA PH 3.5 AERX75ML,MLA20003376,1249.5,254425738
430,7798122341646,VIASEK GEL VAG FCO X 100 ML,MLA19956524,3325,254425738
431,7798122341578,VIASEK REPAIR GEL X 30ML,MLA19940431,3248,254425738
432,4005900559500,EUCERIN ANT/PIG CR FAC 30X50,MLA18957819,10674,610743463
433,4005800131189,EUCERIN AQUAPORIN PIEL NM X50,MLA9210936,9679.5,167693673
434,4005900791047,EUCERIN BALSAMO CONTROL ATOP,MLA20030841,10976.03,167693673
435,4005800109249,EUCERIN CR FAC A/ENRO DIAX 50,MLA9890879,13082.52,167693673
436,4005900436979,EUCERIN DERMOPUR CR FAC NX 40,MLA9790413,9530.1,420116833
437,4005900436986,EUCERIN DERMOPUR GEL LIMPX200,MLA20019897,7036.2,167693673
438,4005900598684,EUCERIN HYAL FIL BOOS SERUMX8,MLA19640019,9558,420116833
439,4005800014475,EUCERIN HYAL FILER DIA PMX 50,MLA9855881,12291.75,610743463
440,4005800021930,EUCERIN HYAL FILER DIA PSX 50,MLA19790040,16389,610743463
441,4005900667014,EUCERIN HYAL FILER MASC AC/HI,MLA19937441,3400.95,167693673
442,4005800057670,EUCERIN HYAL FILER OJOS X 15,MLA9890885,14478.3,167693673
443,7501054550211,EUCERIN HYAL FIL PORE SERX 30,MLA19317820,14081,579982093
444,7702003006913,EUCERIN HYAL MIST SPRAY X150,MLA19828230,4722.3,420116833
445,4005900000774,EUCERIN LOCION PH5 X400,MLA16135230,9497,320396604
446,4005900000767,EUCERIN PH 5 ACEITE DUCHAX200,MLA16135214,4591.8,167693673
447,4005800086380,EUCERIN PH 5 SYND BARR X100GR,MLA17007529,3740.13,465536541
448,4005900559517,EUCERIN PIGMENT STOP NIGH50ML,MLA9875449,10674,610743463
449,4005900903273,EUCERIN PIGMENT ULT/LI SERUM,MLA19771770,15568.2,420116833
450,4005808551477,EUCERIN Q10 ACTIVE NOCHE X 50,MLA9939078,13329.36,254425738
451,4005800036842,EUCERIN SH GEL ANTICASPA X250,MLA17896129,5436,320396604
452,4005800120282,EUCERIN SOL 30 T/SECO GELX 50,MLA16048247,6610.5,420116833
453,4005900265227,EUCERIN SOL 50 A/EDAD FLUX 50,MLA16048269,7499,470299447
454,4005800266409,EUCERIN SOL 50 CORP TOQ SE200,MLA19504518,7616,377840555
455,4005800065538,EUCERIN SOL 50 CR FACIAL X 50,MLA16048435,6956,377840555
456,4005900839633,EUCERIN SOL 50 GEL TS MEDX 50,MLA19675708,8350,802641616
457,4005800066627,EUCERIN SOL 50 KIDS SPR X200,MLA16048288,7419,497611743
458,4005800065019,EUCERIN SOL 50 MATIFICAN X 50,MLA16048227,7081,464809351
459,4005900169563,EUCERIN SOL 50 T/SECO SPRX200,MLA16048395,9751,464809351
460,4005800164361,EUCERIN UREA 10% LOC REP X400,MLA16135311,15174.2,506786485
461,4005900490452,EUCERIN VOL FILLER DIA PNX 50,MLA19561001,12291.75,610743463
462,4005900490483,EUCERIN VOL FILLER NOCHE X 50,MLA19567156,12915.75,610743463
463,7792981003516,ENA BCAA 2:1:1 X 90 CAPS,MLA19532658,2430,355734583
464,7792981005046,ENA ENTRENAM POST RELOAD X220,MLA19545778,3619,59241639
465,7792981063015,ENA WHEY PROTEIN CHOCO X 453G,MLA19080679,4500,254425738
466,7792981063022,ENA WHEY PROTEIN COOKI X 453G,MLA18510995,4740,242149367
467,7792981063008,ENA WHEY PROTEIN VAINI X 453G,MLA18510994,4500,254425738
468,7796285289331,EVAGINA GEL POMO X 50 ML,MLA19934807,1059.75,610743463
469,7796285290023,INFILTREX PVO P/RECONST.X300G,MLA21158001,4854,377840555
470,7790808033883,ASPEN MANTA TERM CERV INTELLI,MLA23447238,21347.68,342741689
471,8007403115807,BELLISSIMA.RG CEP TERMICO ALI,MLA19613713,20000,1217588695
472,7798127370900,CHER EDP DIECIOCHO X 50,MLA19464947,7551,377840555
473,7798127370887,CHER EDP DIECISIETE X100,MLA19380772,9261,377840555
474,7798336941236,CHER EDP VEINTE X100,MLA19380771,10200,152630806
475,7791600572143,BROSS LONDON BLUE EDT X100,MLA19719836,4679,24405034
476,7791600572037,BROSS LONDON CLASSIC EDT X100,MLA19720951,4679,24405034
477,7791600065256,CARO CUORE EDT VAP X 60,MLA19501170,5408,253815004
478,7791600266035,CIEL D'OR EDT VAP X 50,MLA19789146,3872,223105226
479,7791600030230,CIEL EDP VAP X 80,MLA19480051,3427,802641616
480,7791600028015,COLBERT.ACQUA EDT C/VAP X100,MLA22292130,3437,24405034
481,7791600187040,COLBERT.CODE EDT VAP X100,MLA22271397,4689,494085891
482,7791600841843,GINO BOGANI TOUT NOIR EDPX 60,MLA19772346,6672,516071841
483,7791600037567,KEVIN EDC X170,MLA20018125,2052,313043158
484,7791600134136,KEVIN ICE EDT C/VAP X100,MLA19720307,3967,516071841
485,7791600400125,LAS PEPAS MITO EDP X100,MLA20981665,7699,516071841
486,7791600400675,LAS PEPAS NINFA EDP X100,MLA19720954,7621,516071841
487,7791600041922,PAULA AMOR EDT VAP X100,MLA19560589,7650,326299298
488,7791600045340,PAULA EDT VAP X 60,MLA3822099,5698.8,191047873
489,7791600039011,PRUNE ICON EDP VAP X 70,MLA20948372,7100,335181614
490,7791600049027,PRUNE I EDP VAP X 50,MLA20948370,5008.2,162321615
491,7791600049133,PRUNE II EDP VAP X 50,MLA22287996,5140,516071841
492,7791600049249,PRUNE III EDP VAP X 50,MLA22953077,5140,516071841
493,7791600049690,PRUNE IV EDP VAP X 50,MLA19720765,4848,320620300
494,75486031565,HAWAIIAN TROP ACEI F15 BRX240,MLA16048574,4150,73994558
495,75486033187,HAWAIIAN TROP LOC F10 ZANX240,MLA16048309,3303,127422368
496,75486020286,HAWAIIAN TROP LOC F 4 BR X240,MLA16048559,3263,73994558
497,75486088620,HAWAIIAN TROP SHEER T F50X120,MLA16048549,3044,253815004
498,7791519000102,PRIME PRE BLAN ESPER X12,MLA20087731,2262,253815004
499,7791519000096,PRIME PRE ROJO TEXT X12,MLA19936333,1802,610743463
500,7792360072454,NUGATON LECHE PACK X 24 UN,MLA21172904,2612.5,385826051
501,7792175010276,PERPIEL FACIAL ANTIAGE EMX80,MLA19866306,3888.63,313043158
502,4005900581341,NIVEA BODY NUT P/EXT SECAX625,MLA16185105,2546,191047873
503,7891962054483,BAUDUCCO COOKIES ORIGX 100G,MLA19542068,Null,Null
504,7790375268183,BAGO+ACTIVAMENTE COMP X 30,MLA19700807,1603,610743463
505,7790375269302,BAGOVIT A BRONC PROG SPY X150,MLA20722345,3520,630910502
506,7790375269708,BAGOVIT A CAP SH REP INX350,MLA19504933,1101,802641616
507,7790375260941,BAGOVIT A CLASS CR X 100 G,MLA19508995,2450,377840555
508,7790375004378,BAGOVIT A CUID COT.SEDA X200G,MLA20721774,2917,802641616
509,7790375269319,BAGOVIT A EMUL ABSORC. X170ML,MLA20020455,2717,377840555
510,7790375268954,BAGOVIT A EMUL EF LUMI X200ML,MLA19509010,3024.9,191047873
511,7790375267803,BAGOVIT A EMUL REAFIRMA X350G,MLA19509387,3172.1,226570703
512,7790375269289,BAGOVIT A EMULS SPR CONTX170,MLA20721758,2762,377840555
513,7790375267285,BAGOVIT A EMULS X 350 G DOSF,MLA19805936,3397.18,506786485
514,7790375245061,BAGOVIT A LIGHT CR X 100 G,MLA22271627,2344,802641616
515,7790375268206,BAGOVIT FAC PRO BIO CC X50,MLA19561147,4326,802641616
516,7790375268220,BAGOVIT FAC PRO BIO DIA X55,MLA19895639,5620.5,610743463
517,7790375268459,BAGOVIT FAC PRO BIO MICELX200,MLA19719421,1944,377840555
518,7790375269357,BAGOVIT FAC PRO BIO X50 ML,MLA19724855,4886,610743463
519,7790375268695,BAGOVIT FAC PRO LFT DIA PSX55,MLA19924507,6698,24405034
520,7790375268688,BAGOVIT FAC PRO LIFT NOCHEX55,MLA20983708,6025.93,506786485
521,7790375268350,BAGOVIT FAC PRO LIFT SERUMX30,MLA19724930,5930,345512679
522,7790375268398,BAGOVIT SOLAR AC BR F30SPX200,MLA20722535,3519,377840555
523,7790375269449,BAGOVIT SOLAR F50 SPR TRAX200,MLA20003763,4380,114479414
524,7793742004353,AVENO ACOND CAP X 250 ML,MLA19512396,2655.1,167693673
525,7793742004377,AVENO EMULS X 250 ML,MLA16135304,3450,162321615
526,7793742004346,AVENO GEL LIMP X 250 GR,MLA16135246,3436,327500259
527,7793742005442,AVENO INF ACOND X 250 ML,MLA19698340,3019.8,313043158
528,7793742007330,DERMAGLOS C HID INMED CR X175,MLA16135263,2035,431690899
529,7793742007668,DERMAGLOS C HID INMED SPRX175,MLA19762473,2490,388597528
530,7793742007767,DERMAGLOS C HID PROF CR X100,MLA16135297,2370,320396604
531,7793742007927,DERMAGLOS C M Y U CR X120,MLA16135244,2388.75,167693673
532,7793742007415,DERMAGLOS F AGUA MICELAR X200,MLA19504605,1683.5,420116833
533,7793742007965,DERMAGLOS F BB CREAM MEDIX50G,MLA20949642,3418.7,807177490
534,7793742005022,DERMAGLOS F DEMAQ OJ LOC X100,MLA19504610,2217,497611743
535,7793742007903,DERMAGLOS F HID F12 PN EMX 75,MLA19561004,4114,610743463
536,7793742007637,DERMAGLOS F HID PS CR X 70,MLA19561070,4096,327500259
537,7793742005039,DERMAGLOS F LECHE LIMP X200,MLA20724223,2519,802641616
538,7793742007620,DERMAGLOS F MAT PMG F30 CX 50,Null,Null,Null
539,7793742007576,DERMAGLOS F NUT PN CR X 70,MLA19724699,4336,610743463
540,7793742005046,DERMAGLOS F TONICO HID X200,MLA19561005,2321,320396604
541,7793742007422,DERMAGLOS F ULT CC CR MEDX 50,MLA19491726,4149.14,254425738
542,7793742007507,DERMAGLOS F ULT CONT +30 X 15,MLA19561150,7540,431690899
543,7793742007521,DERMAGLOS F ULT CONT +50 X 15,MLA9961172,Null,Null
544,7793742003493,DERMAGLOS SOLAR F20 EMUL X250,MLA16048415,2309,127422368
545,7793742002670,DERMAGLOS SOLAR F30 BARRAX 14,MLA16048552,3030,114479414
546,7793742003813,DERMAGLOS SOLAR F30 EF.SEX180,MLA16048490,3395,320396604
547,7793742002687,DERMAGLOS SOLAR F30 LABIAX3.4,MLA19692748,2070.55,344354557
548,7793742003448,DERMAGLOS SOLAR F30SP INVX180,MLA16048229,3528,377840555
549,7793742004575,DERMAGLOS SOLAR F40 EMUL X120,MLA20004195,3057.48,254425738
550,7793742003554,DERMAGLOS SOLAR F40 SPRAYX170,MLA16048398,5583,497611743
551,7793742004513,DERMAGLOS SOLAR F50 EMUL X 50,MLA16048306,1263,802641616
552,7793742004650,DERMAGLOS SOLAR F65 BEBE X120,MLA19509071,3656,377840555
553,7793742003660,DERMAGLOS SOLAR F65 EMUL X 50,MLA19069020,1624,59318814
554,7793742003974,DERMAGLOS SOLAR POST EMULX300,MLA21293251,4093,802641616
555,7793742003233,DERMAGLOS SOLAR POST GEL X150,MLA21159028,2450,346228124
556,73796803216,OMRON NEBULIZADOR COMP NEC803,MLA14397225,19398,557324612
557,73796803216,OMRON NEBULIZADOR COMP NEC803,MLA14397225,19398,557324612
558,6922244700727,ENSURE CHOCO PVO X 400G,MLA19700945,4014,254425738
559,8710428010544,ENSURE CLINICAL VAIN FRX220ML,MLA20009455,1922,454912802
560,70074117195,NEPRO AP ENV X 237 ML,MLA20732179,1714,179907718
561,8886451005663,PEDIASURE VAINILLA LATA X400G,MLA22978550,3399,246479481
562,7795371000423,FALIC EXCITACION GEL INT X22G,MLA19940436,966,167693673
563,7798028883486,SILFAB BY5205 SECADOR HEAT EX,MLA23558351,9877,183227876
564,7798028883981,SILFAB MASC ARC FAC E100C1,MLA22337997,3990,6950562
565,7798028883998,SILFAB MASC ARC OJOS E040C2,MLA19937469,1927,194020207
566,7798028884506,SILFAB NEBU MESH VPM7 M/LIBR,MLA19713765,20720,12146705
567,7798028880072,SILFAB ORINAL FEMENINO,MLA21722173,560,573422944
568,7798028880065,SILFAB ORINAL MASCULINO,MLA20006437,930,263763135
569,7798028883486,SILFAB BY5205 SECADOR HEAT EX,MLA23558351,9877,183227876
570,7798028883981,SILFAB MASC ARC FAC E100C1,MLA22337997,3990,6950562
571,7798028883998,SILFAB MASC ARC OJOS E040C2,MLA19937469,1927,194020207
572,7798028884506,SILFAB NEBU MESH VPM7 M/LIBR,MLA19713765,20720,12146705
573,7798028880072,SILFAB ORINAL FEMENINO,MLA21722173,560,573422944
574,7798028880065,SILFAB ORINAL MASCULINO,MLA20006437,930,263763135
575,8411061819685,KING OF SEDUCT EDTV X200,MLA18947041,15484,145929011
576,8411061860564,THE SECRET TEMPT EDT X 50,MLA18938773,7324,688619568
577,8411061906651,212 EDT VAP X 30,MLA17000576,37107,120308010
578,8411061894026,212 EDT VAP X 60,MLA6142334,43650.06,232191059
579,8411061896259,212 MEN EDT VAP X 50,MLA6093979,35672.5,506786485
580,8411061865460,212 SEXY EDP VAP X 60,MLA6093907,47790,170930540
581,8411061869406,212 VIP BLACK EDP NS X 50,MLA8736678,39000,631337521
582,8411061869253,212 VIP MEN EDT NS X 50,MLA6092915,33795,24405034
583,8411061838778,212 VIP ROSE EDP VAP X125,MLA10164591,70020,145929011
584,8411061982068,CH BAD BOY EDT X 150,MLA16477996,62360,145929011
585,8411061926093,CH BAD BOY EDT X 50,MLA16006043,37459.06,232191059
586,8411061991886,CH BAD BOY LE PARFUM EDP X100,MLA19168921,51062.49,506786485
587,8411061907610,CH GOOD GIRL LEGERE EDP X 30,MLA16234381,40899,1217588695
588,8411061995754,CH GOOD GIRL VERY EDP X 80,MLA18731244,50800,345512679
589,8411061958483,CH GOOD GIRL X150,MLA6287898,83450,62342535
590,8411061665039,CH MEN EDT VAP X 50,MLA6093815,28620,24405034
591,3137370321521,NINA LUNA EDTV X 50ML,MLA6291361,35700,119407747
592,3349666007891,ONE MILLION EDT VAP X 50,MLA6072136,40050,1217588695
593,3349668021345,PACO RABANNE HOM EDTV X100,MLA3820185,37015,52795672
594,3349668524969,PACO RABANNE INVICTUS X150,MLA6072134,85470,120308010
595,3349668589678,PACO RABANNE INVICTUS X200,MLA18423764,70487,287956865
596,3349666010532,ULTRAVIOLET EDP VAP X 80,MLA18947037,47200,207624363
597,3349666010518,ULTRAVIOLET MAN EDTV NV X100,MLA22404499,43500,207624363
598,3349668555062,XS BLACK EXCES EDP VAP X 80,MLA18995901,41169,688619568
599,3349668576128,XS BLACK F/MEN EDT VAP NCX 50,MLA16596664,34064.1,313043158
600,3349668545698,XS PURE EDP VAP FEM X 30,MLA19352179,29835,313043158
601,3349668545636,XS PURE EDP VAP FEM X 80,MLA19352177,87999,750006875
602,3349668576166,XS PURE EDT VAP X 50,MLA8812149,32727.5,506786485
603,3337875698696,ANTHELIOS 50 DERMOPED SPRX200,MLA19810166,12059,399346828
604,3337875761123,ANTHELIOS 50+ TUBE NVO X250,MLA19509073,11600,94449950
605,3337875586269,CICAPLAST GEL B5,MLA16135166,11081.75,385783333
606,3337875757515,TOLERIANE DERMALLER EYE X20ML,MLA20533610,11249,158516224
607,7795323774723,NUTRILON PROFU 4 BRIK24X200ML,MLA19731891,16809,179907718
608,7795323002925,VITAL AR LATA (NF) X 400GR,MLA9230646,13570,191047873
609,7798176000766,SANCOR BEBE 2 ADV.LATA X 800G,MLA20006938,6228,802099465
610,3348900838185,DIOR HOMME INTENSE EDPV X100,MLA6321904,59200,345870975
611,3348900012219,FAHRENHEIT EDT VAP X100,MLA6093775,49600,345870975
612,3348900147324,FAHRENHEIT EDT VAP X200,MLA6093777,70700,188155822
613,3348900012189,FAHRENHEIT EDT VAP X 50,MLA6093773,50180,315104003
614,3348901362856,{MISS DIOR EDP NV VAP X 50,MLA6230451,63050,120308010
615,3348901368254,SAUVAGE EDP X 60,MLA16092534,46800,345870975
616,3348901250153,SAUVAGE EDT X 60,MLA6237972,51610,315104003
617,38000184949,PRINGLES CREMA Y CEBOLL X124G,MLA23131141,1250,1217588695
618,8429420175310,GLICOISDIN 15% GEL X 50 ML,MLA21079227,15060,802641616
619,8429420165472,ISDINCEUTICS INST FLAS AMP X5,MLA19544885,2712,324507430
620,8429420157613,ISDINCEUTICS PIGM EXPERT 30AM,MLA19640018,23213.25,470299447
621,8429420157651,ISDINCEUTICS PIGM+NIGHT 10+10,MLA20022163,25754,114479414
622,7794640172854,CENTRUM SILVER COMP X30,MLA19715926,2813.81,313043158
623,7896015527433,PARODONTAX DENT FLUOR X 50G,MLA16134744,756,162321615
624,7896009419270,SENSODYNE DENT MULTIPROT X 50,MLA16134921,523.1,254425738
625,7794640172410,SENSODYNE DENT PROESM JUNX100,MLA16134763,880.15,162321615
626,7896015591786,SENSODYNE DENT SENS/ENCI X100,MLA19895712,1233.9,313043158
627,3499320004541,CETAPHIL HIDRAT FAC 50X 50ML,MLA19724858,8091,313043158
628,763511009817,DKNY BE DELICIUS WOM EDP X 50,MLA5441666,42700,146243375
629,3423473020516,DOLCE &GABB L.B PH EDTX125,MLA3821813,43200,152630806
630,22548024317,{TOMMY MEN EDT VAP X 50,MLA6514771,29000,402185809
631,7794428011368,ALOEBEL CORP EMUL X 200 ML,MLA20032967,2984,24405034
632,7794428012105,BIOQUERATIN COMP X 60,MLA19701714,8189,114479414
633,3614273203487,IDOLE INTENSE EDP X 75ML,MLA16202582,52200,145929011
634,7799075001144,AVENE A-OXITIVE CONT/OJOSX 15,MLA19766549,11990,158516224
635,7798095413845,AVENE APAISANTE CONT OJO X 10,MLA19724704,9289,226570703
636,7799075000345,AVENE DERMABSOLU BALS NOCX 40,MLA19724857,20311.6,313043158
637,7799075000352,AVENE DERMABSOLU SERUM X 30,MLA19771776,15362.1,167693673
638,7799075000833,AVENE HYDRANCE LEGERE UV X 40,MLA22360196,13016.9,313043158
639,7798095410417,AVENE HYDRANCE RICHE X 40,MLA22193759,11185,344354557
640,7798095419991,AVENE SOL 30 AQUA FLUI TSX 50,MLA16048251,4814,24405034
641,7799075000048,AVENE SOL 50 CLEANANCE X 50,MLA16048410,7767.3,313043158
642,7799075000819,AVENE SOL 50 FLUIDO SPORTX100,MLA16048484,10851.25,395305349
643,7798095415290,AVENE SOL 50 LECHE X100,MLA16048322,7518,344354557
644,4005800185090,EUCERIN AQUAPORIN C/OJ HIDX15,MLA19725185,Null,Null
645,4005900650412,EUCERIN HYAL FILER+ELAST X 15,MLA19976159,9652,610743463
646,4005900714381,EUCERIN PH 5 CR X 75ML,MLA19859189,7606,802641616
647,4005808122684,EUCERIN Q10 ACTIVE C/OJOSX 15,MLA9980894,9364,254425738
648,4005808551460,EUCERIN Q10 ACTIVE DIA X 50,MLA19870776,12680,320396604
649,4005800287855,EUCERIN UREA 10% REPAIR PX150,MLA22271638,9008.1,420116833
650,4005800024481,EUCERIN UREA 5% LOC HID X250,MLA16135241,8659.73,167693673
651,7795513227008,MARCHAND DAR EDP MGILLES X110,MLA19720178,6246,807177490
652,7791600985011,AKIABARA BLACK NEROLI EDP 85,MLA19720788,14780,94850467
653,7791600742256,COLBERT.SPACE EDT VAP X 60,MLA19720412,3190,1217588695
654,7791600070069,CRANDALL COL X 95,MLA19720584,2450.99,236205447
655,7791600596354,KEVIN ABSOLUTE EDT VAP X100,MLA19778592,6300,335181614
656,7791600512149,KEVIN METAL EDT C/VAP X100,MLA19560598,6363,516071841
657,7791600186050,PALOMA HERRERA PASSION EDP100,MLA23062428,6090.9,162321615
658,79656529296,BANANA BOAT KIDS SPORT CSX170,MLA19834663,5329,73994558
659,7791001007831,BIFERDIL BALS NUTRI VITE X800,MLA19700801,3465,191047873
660,7791001011579,BIFERDIL LOC BIOX FORTALEX100,MLA19737386,4840,186703227
661,7791001000184,BIFERDIL MOUSSE ESPUMA AEX240,MLA19940817,2987,320620300
662,7791001010442,BIFERDIL SH 1007 GEL X800,MLA20732223,3636,616329242
663,7791001007824,BIFERDIL SH NUTRI VIT.E X800,MLA19700585,3465,191047873
664,7791001005820,BIFERDIL SH ULTRA BRILLO X255,MLA19700851,2395,24405034
665,7792175001151,PLAC OUT NF COLU X 500 CC,MLA21265957,4622.81,313043158
666,7790375269722,BAGOVIT A CAP ACON COL RAX350,MLA19699928,1189,431690899
667,7790375269739,BAGOVIT A CAP ACON NUTRI X350,MLA19504816,1101,802641616
668,7790375269753,BAGOVIT A CAP ACON REP INX350,MLA19504737,999,630910502
669,7790375269661,BAGOVIT A CAP SH BR.SUBX350,MLA19505019,800,802641616
670,7790375269678,BAGOVIT A CAP SH COL RAX350,MLA19699926,1117,377840555
671,7790375269685,BAGOVIT A CAP SH NUTRI X350,MLA19505198,1101,802641616
672,7790375269692,BAGOVIT A CAP SH P.L X350,MLA19701314,1101,802641616
673,7790375269296,BAGOVIT A EMULS E SP CONX170,MLA20721754,3359,284257637
674,7790375269326,BAGOVIT A SERUM ANTIEST X75ML,MLA19559469,2918,345512679
675,7790375269784,BAGOVIT CAP PL L Y S/FCRP 200,MLA19513501,939,1110537376
676,7790375268213,BAGOVIT FAC PRO BIO NOCHE X50,MLA22360187,4566.59,506786485
677,7790375268855,BAGOVIT FAC PRO ESTR DIA X 55,MLA19924473,5954.4,506786485
678,7790375003449,BAGOVIT SOLAR ACEI 15/7SPX200,MLA20003644,3857,802641616
679,7790375268831,BAGOVIT SOLAR F30 SP CONTX170,MLA20722532,4584,802641616
680,7790375268473,BAGOVIT SOLAR F45 FAC COL X50,MLA19759222,3483,114479414
681,7793742002922,DERMAGLOS F HID F20 PN EMX 70,MLA19771767,3653,1075945617
682,7793742007583,DERMAGLOS F LIMP PMG GEL X150,MLA19724921,2148.75,167693673
683,7793742108518,DERMAGLOS F ULT HIDRAT.GEL 50,MLA22341177,4139,610743463
684,7793742007996,DERMAGLOS PIEL DEL DIABETX100,MLA19509267,3285,320396604
685,8710428011497,ENSURE ADVANCE FRUT BOTX220ML,MLA19781722,1283.69,254425738
686,7501033961632,PEDIALYTE SOL X 500 ML UVA,MLA22211414,2150,1217588695
687,3614273069533,YVES SL LIBRE INT EDP X 30,MLA18925589,40900,62342535
688,7798028883134,SILFAB FRAZADA TERMICA BEIGE,MLA20039397,28658,254425738
689,4715139610100,SILFAB NEBU MINI MI/PERRITO,MLA20722661,23057,57784489
690,7798028883134,SILFAB FRAZADA TERMICA BEIGE,MLA20039397,28658,254425738
691,4715139610100,SILFAB NEBU MINI MI/PERRITO,MLA20722661,23057,57784489
692,7791914001957,CORONET OXIMETRO DE PUL POD-2,MLA21856946,8550,556278930
693,8433982020568,BENETTON COL MAN BLACK INT 60,MLA19720779,8855,257642218
694,8433982016493,BENETTON TOG HER HER X 80,MLA19720316,9661.5,167693673
695,8411061784280,KING OF SEDUCT EDTV X 50,MLA18947042,7324,688619568
696,8411061999264,THE ICON RE22 EDP X 50,MLA24171252,Null,Null
697,8411061701041,THE SECRET EDTV X 50,MLA19175926,7274.25,117049113
698,8411061974759,212 HEROES EDT X 50,MLA18075548,33480,24405034
699,8411061996539,212 HEROES FOR HER EDP X 30,MLA19034512,34560,313043158
700,8411061994702,212 HEROES FOR HER EDP X 50,MLA19034513,44280,313043158
701,8411061023655,212 HEROES MAN EDT X150,MLA19487096,53320,145929011
702,8411061341803,212 MEN EDT VAP X 30,MLA6093981,33050,345870975
703,8411061558423,212 SEXY EDT VAP X 30,MLA6093903,37550,345870975
704,8411061002865,CH BAD BOY LE PARFUM EDP 150,MLA19168922,68600,145929011
705,3349668592388,INVICTUS VICTORY EDP X200,MLA18462360,65738,145929011
706,3349668588749,INVICTUS VICTORY EDP X 50,MLA18462359,39600,1071027391
707,3349668600304,ONE MILLION ELIX 22 INTE X100,MLA19765941,49752,688619568
708,3349668562701,ONE MILLION LUCKY EDT X 50ML,MLA14702587,40500.06,232191059
709,3349668582365,PACO RABANNE PHANTOM EDT X 50,MLA18590565,35430,320620300
710,3349668555123,XS BLACK EXCES EDP VAP X 30,MLA18995903,30150.06,232191059
711,3349668555093,XS BLACK EXCES EDP VAP X 50,MLA18995902,38450,320620300
712,3349668573820,XS PURE EDT X150,MLA18335459,91820,120308010
713,3433422404533,LIPIKAR PAIN SURGRAS X150G,MLA21690595,6236.75,506786485
714,3337872413711,REDERMIC HYALU C PS X 40ML,MLA20874079,21365.5,506786485
715,3337875632652,RESPECTISSIME MASC DENS NE4.5,MLA12311793,22070,802641616
716,726367920217,NATURAL CANDY ALM&SEM X100,MLA20069187,1356,369271235
717,726367920231,NATURAL CANDY GRA/GLUSTERS,MLA21030541,793,307797200
718,729105210090,MIZU CR ARTRO FLEX RECOV X255,MLA23432271,8650,377840555
719,729105210199,MIZU CR COLAG BEAU/NEUT PT250,MLA23546168,6749,24405034
720,3348901181839,DIOR ADDICT EDP VAP X100,MLA19470070,53164.06,232191059
721,3348901419147,DIOR HOMME EDT VAP NVO X100,MLA18924017,45900,207728504
722,3348901544092,DIOR HOMME EDT VAP NVO X150,MLA18924018,64000,152630806
723,3348901419130,DIOR HOMME EDT VAP NVO X 50,MLA18924019,36669.99,506786485
724,3348901001120,DIOR HOMME INTENSE EDPV X150,MLA6278341,75700,345870975
725,3348900838178,DIOR HOMME INTENSE EDPV X 50,MLA6278343,45900,345870975
726,3274872400726,GIVENCHY IRRESISTIB EDP X 50,MLA22706153,52680,94850467
727,3348900417892,JADORE EDP VAP X 30,MLA6072086,59990,120308010
728,3348900417885,JADORE EDP VAP X 50,MLA6072088,62270,315104003
729,3348901571432,MISS DIOR NEW EDP X 30,MLA6150220,54150,120308010
730,7790387000290,TARAGUI TE BOLDO X 10 SOB,MLA16030060,443,771445784
731,7790387000283,TARAGUI TE MANZANILLA X 10 SOB,MLA16030066,443,771445784
732,8411114057187,PEPE JEANS FOR HER EDP X 80,MLA22238322,24500,1217588695
733,679602186124,POLICE GOODVIBES F HER EDP125,MLA20538230,19500,12197677
734,679602181211,POLICE GOODVIBES F HIM EDT125,MLA19895190,14220,377840555
735,8429420164406,ISDINCEUTICS HYALUR AMP X 5,MLA19724532,6313,431690899
736,8470001769169,ISDINCEUTICS MELACLEAR X 15,MLA22251304,16815,579982093
737,8470001880154,ISDIN SOL MICELAR X100,MLA22033175,3961,257642218
738,7896015519223,SENSODYNE DENT BLAN E/FREX 50,MLA16134840,744.9,254425738
739,7798034743118,BUCAL TAC CEP CLASSIC 3,MLA19770081,940,254425738
740,7798034748564,BUCAL TAC CEP DENT ORTODONCIA,MLA19926240,1190,254425738
741,7798158482474,BUCAL TAC CERA ORTODO S/SBX6,MLA20720757,950,254425738
742,7502236152476,DEKKIN AURIC VINCHA OR.GA CEL,MLA22188536,7750,547291370
743,7502236151899,DEKKIN AURIC VINCHA OR.GA R/V,MLA23199328,9999,71229887
744,7798034749257,MINAMINT DES BUC FRESHM SPRAY,MLA20032681,990,254425738
745,7798034749240,MINAMINT DES BUC SPEARM SPRAY,MLA21089915,990,254425738
746,7790813130126,LEVADURA.VIRGEN CERV PVO X200,MLA21025318,1000,1217588695
747,7791984999918,METABOLIC CLA CAPS BLANDASX28,MLA19544989,1989.31,420116833
748,3499320008341,CETAPHIL BARRA LIMP PROFX127G,MLA17007617,3499,431690899
749,3499320004473,CETAPHIL DERMOC HD F30X 118ML,MLA21961543,8901,313043158
750,7794428312458,ALOEBEL UREA 10% EMUL X 200G,MLA20031822,5848.74,313043158
751,7794428300189,SOLENIL +60 FAC CR X50G,MLA20003753,4450,149853344
752,7794428011863,SOLENIL 65 CR X 150,MLA20004579,3590,284257637
753,3614273476164,IDOLE AURA EDP X100,MLA18909189,52200,145929011
754,3614273069175,IDOLE EDP X 100 ML E.LIM,MLA16202531,86570,94850467
755,3614272639638,IDOLE EDP X 25ML,MLA16131333,36900,697067690
756,3614272629370,IDOLE EDP X 50ML,MLA16131334,62580,94850467
757,3614273203470,IDOLE INTENSE EDP X 50ML,MLA16202581,92974,120308010
758,3614273357197,LA VIE EST BELLE EA SO CX100,MLA18226673,85575,188155822
759,7799075001632,AVENE CLEANAN SOLAR TENI50 NU,MLA19734272,Null,Null
760,7799075000208,AVENE CR TRIXERA PAN X100G,MLA19735312,5048,506786485
761,7798095418383,AVENE PHYSIOLIFT CR X 30,MLA22305826,18504,114479414
762,7798095419908,AVENE PHYSIOLIFT SERUM X 30,MLA19724554,11792.8,610743463
763,7798095415306,AVENE SOL POST REPARADOR X200,MLA22587258,5853,24405034
764,7798122341547,VIASEK GEL VAG SOBRE 2ML X 12,MLA20722501,1323,254425738
765,4005800268731,EUCERIN AQUAPHOR REP LAB SOS,MLA21883206,5793.6,506786485
766,7501054550037,EUCERIN AQUAPHOR REP SPR X150,MLA19463528,8139.6,451168902
767,4005800223136,EUCERIN AQUAPHOR UN REPA X 50,MLA19462147,7093.03,226570703
768,4005800128646,EUCERIN AQUAPORIN PIEL SECX50,MLA21838559,10754.48,254425738
769,4005900838841,EUCERIN CR A/MANCHAS FP30X 75,MLA21311863,6392,610743463
770,4005800079948,EUCERIN DA CONTROL CREMAX 40,MLA16135285,5440.64,167693673
771,4005800270543,EUCERIN DERM CL DEMQ BIFX125,MLA19642708,7638,610743463
772,4005800270475,EUCERIN DERM CL ESP MCEL X150,MLA19771780,6706.8,420116833
773,4005808583805,EUCERIN DERM CL LIMP 3E1 X200,MLA20034588,6111.9,167693673
774,4005800270468,EUCERIN DERM CL LOC 3E1 X400,MLA20729045,9905.65,451168902
775,4005900728807,EUCERIN HF+ELASTI CRE D FPS30,MLA20037835,13182,579982093
776,4005800126550,EUCERIN SOL 30 T/SECO SPRX200,MLA16048318,6699,494659594
777,4005800264245,EUCERIN SPR CALM ATOPICONX 50,MLA20779087,7236.04,506786485
778,4005800024139,EUCERIN UREA 10% INT REP X250,MLA19149773,9621,257642218
779,4005900490490,EUCERIN VOL FILLER OJOS X 15,MLA20022183,14478.3,420116833
780,7796285289348,EVAGINA ESPUMA X 240 ML,MLA21780789,1874,377840555
781,7790808035160,ASPEN NEB ULTRA 405A MINI 12V,MLA14174555,31999,1217588695
782,7795513247891,MARCHAND DAR BOD LOC BER&ORQ,MLA20032421,3398,179376632
783,7795513226728,MARCHAND DAR BOD LOC CAS&ALM,MLA20030832,2778,807177490
784,7795513226711,MARCHAND DAR BOD LOC VER&LIM,MLA20031864,2778,807177490
785,7795513247884,MARCHAND DAR CR MAN BERG&ORQU,MLA21482229,2248,179376632
786,7798120265814,CAVIAHUE CR EXF HOMBRE X100G,MLA19755000,3115,1217588695
787,7798120265562,CAVIAHUE ESPU LIMP FAC X150ML,MLA20729036,3440,313043158
788,7791600092535,CARO CUORE AMORE EDTV X 90,MLA19566746,7400,335181614
789,7791600667368,CIEL CRYSTAL NESSESAIRE BOLSI,MLA22191502,4290,162321615
790,7791600032029,CIEL D'ETE EDT VAP X 50,MLA22120185,3209.84,162321615
791,7791600154035,CIEL NOIR EDT VAP X 50,MLA19778635,4050,697979381
792,7791600154141,CIEL NOIR EDT VAP X 80,MLA22827767,4930,1217588695
793,7791600064235,CIEL NUIT EDP VAP X 80,MLA21801251,3613,802641616
794,7791600582012,COLBERT.CODE BOLD EDT VAPX100,MLA22403332,4427,253815004
795,7791600596248,KEVIN ABSOLUTE EDT VAP X 60,MLA22380448,5053,134865816
796,7791600186166,PALOMA HERRERA PASSION EDP 60,MLA20723444,5600,320620300
797,7791600311025,PAULA ALEGRIA EDT VAP X 60,MLA19772340,5997.71,162321615
798,7791600843038,PAULA ALMA EDT VAP X 60,MLA19492389,5938,63584822
799,7791600041830,PAULA AMOR EDT VAP X 60,MLA21232867,6849,170930540
800,7791600059033,PAULA LUZ EDT VAP X 60,MLA19781996,6300,335181614
801,614143222115,BIU EXPRESS CR HUMECTANT X 50,MLA19901718,4814,24405034
802,614143222108,BIU EXPRESS CR REGENERAT X 50,MLA20874082,4500,1014918728
803,614143222092,BIU EXPRESS HYALURON GEL X 30,MLA19859204,5400,1217588695
804,7794207000798,MIDERMUS CELULIT CONT X 400ML,MLA19717559,1418.23,631326035
805,7794207084101,MIDERMUS CR DE ORDEÑE X 70GR,MLA21792226,630.97,465536541
806,7791001003697,BIFERDIL BALS ALOE VERA X400,MLA19700705,2300,1217588695
807,7791001003581,BIFERDIL BALS BIFERMIX X400,MLA19700386,2500,1217588695
808,7791001004465,BIFERDIL BALS CERAMIDAS X400,MLA19700457,2791,191047873
809,7791001007817,BIFERDIL BALS ESPECI VIT X800,MLA20959331,3065,320620300
810,7791001004182,BIFERDIL BALS HIDRAT INT X400,MLA19700841,3085,191047873
811,7791001009163,BIFERDIL BALS LIB GLUTEN X180,MLA19701155,1680,186703227
812,7791001008975,BIFERDIL BALS SELLADOR BIX400,MLA19700472,3124,191047873
813,7791001002836,BIFERDIL COLOR MASC CAST OSCU,MLA22252397,2807,1075945617
814,7791001002751,BIFERDIL COLOR MASC RUBIO,MLA22020698,2650,1217588695
815,7791001008852,BIFERDIL CR PEI TR/ALISA X155,MLA19850593,2995,320396604
816,7791001011791,BIFERDIL PROTEC TERMIC ATO250,MLA21127423,2376,807177490
817,7791001007800,BIFERDIL SH 1053 SUP ESP X800,MLA20025080,3641,320620300
818,7791001001563,BIFERDIL SH ANTIOXIDANTE X400,MLA20012902,4861.31,743510859
819,7791001005349,BIFERDIL SH ANTIQUIEBRE X250,MLA19701301,3055,320620300
820,7791001009859,BIFERDIL SH CAFEINA X295,MLA20011320,4599,250211806
821,7791001004441,BIFERDIL SH CERAMIDAS X400,MLA19701437,3215,1110537376
822,7791001010794,BIFERDIL SH CERV Y MIEL X250,MLA19701061,2056,743510859
823,7791001004175,BIFERDIL SH HIDRAT INT X400,MLA19700460,3100,1217588695
824,7791001004069,BIFERDIL SH MANZ VERDE X400,MLA19700586,2126,743510859
825,7791001004304,BIFERDIL SH T/LIBR A/CLO X250,MLA20023996,2149,191047873
826,7792175010481,PERPIEL AE EFECT REJ EMX400G,MLA21257654,3186,191047873
827,7792175001090,PLAC OUT NF COLU X 200 CC,MLA21236466,2264.8,313043158
828,7891962027388,BAUDUCCO PANETTONE FRUTAS X400G,MLA21719078,Null,Null
829,7790375269715,BAGOVIT A CAP ACON BR SUBX350,MLA19505123,1101,802641616
830,7790375269746,BAGOVIT A CAP ACON P.L X350,MLA19700389,990,1110537376
831,7790375269760,BAGOVIT A CAP TRAT NUTRI X300,MLA19513491,1090,451168902
832,7790375269777,BAGOVIT A CAP TRAT REP INX300,MLA19642816,1349,24405034
833,7790375268787,BAGOVIT A CLASS CR X 50 G,MLA19601175,1698.49,506786485
834,7790375267797,BAGOVIT A EMUL REAFIRMA X200G,MLA19509147,2399,284257637
835,7790375001292,BAGOVIT A EMULS X 120 G,MLA19717844,1988,320396604
836,7790375000134,BAGOVIT A EMULS X 200 G,MLA20030594,2300,451168902
837,7790375269227,BAGOVIT A GEL CICATRIC.X 25ML,MLA19605802,2674,24405034
838,7790375268794,BAGOVIT A LIGHT CR X 50 G,MLA19747699,1605,1110537376
839,7790375268862,BAGOVIT FAC PRO ESTR NOCHX 55,MLA22193488,5894,802641616
840,7790375003456,BAGOVIT SOLAR F20 EM SPR X200,MLA20953511,2656,431690899
841,7790375268411,{BAGOVIT SOLAR F30 FCARE EX200,MLA19759225,4889.96,465536541
842,7790375268848,BAGOVIT SOLAR F40 SP CONTX170,MLA20003501,5260,257642218
843,7798102150671,VALDEZ LILA/NARCISO EDT X100,MLA19720098,7950,239518093
844,7798102150701,VALDEZ NARANJ/VAINI EDT X100,MLA19719988,7950,349366582
845,7793742005534,AVENO PIEL NORM/SENS CR X 50G,MLA22990183,4088,377840555
846,7793742004100,BUSHI CR CALENDULA POMO X100G,MLA21088687,2709.52,465536541
847,7793742004018,BUSHI CR CALENDULA POMO X 50G,MLA19770059,1591.38,420116833
848,7793742007316,DERMAGLOS C AUTOBRONC X 150GR,MLA20001842,2168,377840555
849,7793742007361,DERMAGLOS C HID + PROT 20X150,MLA19509144,1458.38,254425738
850,7793742007439,DERMAGLOS F AGUA MICELAR X400,MLA21178793,2647,327500259
851,7793742007958,DERMAGLOS F BB CREAM CLARX50G,MLA22272585,3909,610743463
852,7793742007644,DERMAGLOS F NUT PS CR X 50,MLA21804156,2775,610743463
853,7793742108587,DERMAGLOS F ULT EST DIA CR50,MLA22318240,5649,478576920
854,7793742008597,DERMAGLOS F ULT EST NOCH CR50,MLA20022593,6335,610743463
855,7793742008542,DERMAGLOS F ULT FIR NOCH CR50,MLA22318241,6335,610743463
856,7793742208508,DERMAGLOS F ULT HI CONT GEL15,MLA19964122,2842,59318814
857,7793742008573,DERMAGLOS F ULT VOL NOCH CR50,MLA20019916,5470,413074815
858,7798028884421,SILFAB PLANCHA PELO ANTIFRIZZ,MLA20005149,7199.1,470299447
859,7798028884414,SILFAB PLANCHA PELO BIFUNCT,MLA21238192,7649,233893388
860,7798028880768,SILFAB TEN ANEROIDE C/EST,MLA20007272,6399.9,465536541
861,7798028884421,SILFAB PLANCHA PELO ANTIFRIZZ,MLA20005149,7199.1,470299447
862,7798028884414,SILFAB PLANCHA PELO BIFUNCT,MLA21238192,7649,233893388
863,7798028880768,SILFAB TEN ANEROIDE C/EST,MLA20007272,6399.9,465536541
864,8411061991909,CH BAD BOY LE PARFUM EDP X 50,MLA19168923,40859,67891382
865,3349668021543,{PACO RABANNE HOM EDTV X 50,MLA18383880,45960,120308010
866,3349668573844,XS PURE NIGHT EDTV X100,MLA19720115,72000,1217588695
867,732535898714,NATURAL CANDY GRAN ALM/ARX100,MLA22766759,832.8,314922091
868,729105210243,MIZU COLAGENO VEGAN BEAX357GR,MLA21849234,6699,1217588695
869,729105210083,MIZU CR IMMUNITY BA POTEX320G,MLA23418807,4800,1217588695
870,7793306993529,KELLOGG'S FROOTLOOPS X300G,MLA21960344,1079,273864798
871,8411114057194,PEPE JEANS FOR HIM EDT X100,MLA22367761,19600,402185809
872,8436581945133,PEPE JEANS LDN F HER EDPX 80,MLA22250229,26800,1217588695
873,8436581945140,PEPE JEANS LDN F HIM EDPX100,MLA22310101,26800,1217588695
874,8429420226135,ISDINCEUTICS ESSEN CLEAN X200,MLA19859217,16440,579982093
875,7798034744146,BUCAL TAC CEP CLASSIC 4,MLA19770080,940,254425738
876,7798034740537,BUCAL TAC PERIO STICKS PALX30,MLA21807293,1390,254425738
877,7791984000294,MERTHIOLATE FILM AER X30G,MLA20726744,2285,431690899
878,7792981005039,ENA ENTRENAM PRE WAR X400,MLA22304834,5999,89775589
879,7795513239957,LAIMA AGUA ROSAS AC.H/A.VERA,MLA22934135,2520,1217588695
880,7791600667030,CIEL (NEC EDT + DEO X123),MLA22305407,5999,516071841
881,614143222146,BIU EXPRESS GEL LIMP ANT X200,MLA19910787,2430,1217588695
882,7793742208522,DERMAGLOS F ULT FIR CONT CR15,MLA22324443,5499,478576920
883,7793742008566,DERMAGLOS F ULT VOL DIA CR50,MLA21801425,5775,451168902
884,7798176000797,SANCOR BEBE 2 ADV.BRIK 200X30,MLA23211261,10710,470299447
885,3348901182331,DIOR ADDICT EDP X 30,MLA20730744,44500,120308010
886,3348900156128,{FAHRENHEIT EDT VAP X 30,MLA3821632,49335,86899613
887,7798034748557,BUCAL TAC CEP DENT ADULTOS,MLA19856534,1190,254425738
888,7502236153282,DEKKIN CARG/PARED+CAB MIC BL,MLA20728660,3599,71229887
889,7798173570132,ECOHAIR CEJAS GEL X 5 ML,MLA20727562,5933,73994558
890,7794428312489,ALOEBEL RETINOL ACEI SUAV X15,MLA20021405,6500,1217588695
891,3614273476287,IDOLE AURA EDPV X 50,MLA18909190,48900,345870975
892,7792981003523,ENA OXIDO NITRICO ENV X 150G,MLA23915003,3000,254425738
893,7795513239971,LAIMA AGUA LAVAND AC.H/MANZAN,MLA21254172,2700,1217588695
894,7791600060039,CHESTER.ICE EDT X100,MLA22403334,2890,1217588695
895,7791600295134,CIEL MAGIC EDP VAP X 80,MLA22597576,5200,364854372
896,7791600134020,KEVIN ICE EDT C/VAP X 60,MLA22305162,3218.82,236205447
897,7791600164133,KEVIN PARK EDT C/VAP X 60,MLA22923045,3977,464809351
898,7791600173630,PAULA FLORES ADC VAP X170,MLA19936685,4300,320620300
899,7792175009799,PERPIEL AI EMUL S/FRAG X400G,MLA19862200,2815,802641616
900,7793742005541,AVENO PIEL SECA/SENS CR X 50G,MLA23143344,4310,377840555
901,7798028884407,SILFAB SEC PELO MINI WHITE DU,MLA21788033,6586.2,342741689
902,7798028884407,SILFAB SEC PELO MINI WHITE DU,MLA21788033,6586.2,342741689
903,679602159128,POLICE BORN T/SHIN HER EDP125,MLA22500256,23600,1217588695
904,679602158114,POLICE BORN T/SHIN HIM EDT125,Null,Null,Null
905,3351500013814,AZZARO WANTED GIRL EDP X 80,MLA19720182,40801,1166150180
906,7794428300196,SOLENIL +30 FAC COLOR CR X50G,MLA20003545,3599,1217588695
907,7799075001137,AVENE A-OXITIVE CR NOCHE X 30,MLA22289886,19146,215936606
908,7799075001892,KLORANE TRAT SH MANGO NATX100,MLA20727407,2935,497611743
909,7798122341561,VIASEK TOALLITAS SOB X 16,MLA21087642,1240,388597528
910,4005808583072,EUCERIN DERM CL LEC LIMP X200,MLA20517282,8556,807177490
911,7795513247839,MARCHAND AR EDP HOMME,MLA23805987,10900,313043158
912,7795513247075,MARCHAND DAR CR PIES BERG&ORQ,MLA21529992,1929,807177490
913,7795513247327,MARCHAND DAR DUO CR JAZ/CANEL,MLA21830253,6900,1217588695
914,7795513247310,MARCHAND DAR DUO CR LAV/TOMIL,MLA21637314,6700,1217588695
915,7795513247341,MARCHAND LIBERTE CHERIE EDP,MLA22782956,Null,Null
916,7798120265777,CAVIAHUE ESPU LIMP HOM X150ML,MLA21233881,3907,191047873
917,7791600015138,ALLIANCE EDT VAP X 50,MLA23095891,6130,254425738
918,7791600295028,CIEL MAGIC EDP VAP X 50,MLA22631488,4590,1217588695
919,614143222528,BIU EXPRESS BRUMA TRIP/ACCION,MLA20728207,4699,1217588695
920,7792175010238,PERPIEL AG MICELAR X200ML,MLA22657018,2023,451168902
921,7793742208539,DERMAGLOS F ULT FIR DIA CR50,MLA21909152,24297.33,385783333
922,3337875632676,RESPECTISSIME MASC WATE NE7.6,MLA21234148,27146,226570703
923,7795513247303,MARCHAND DAR DUO CR MAG/UVA,MLA21695303,6700,1217588695
924,7798028884391,SILFAB SEC PELO TURBO 360,MLA21773379,10282,194020207
925,7798028884391,SILFAB SEC PELO TURBO 360,MLA21773379,10282,194020207
926,7795371000980,ARTROSIL ROLL-ON X 90 G,Null,Null,Null
927,8500000000032,BLUE-VIT B12 ANANAX20 X3,Null,Null,Null
928,7795371001000,ESTETIC CLA CAPS BLANDAS X30,Null,Null,Null
929,8500000000004,ULTRAFLEX GLUCO SOB X2,Null,Null,Null
930,8500000000003,ULTRAFLEX HMB 3000 LATA X2,Null,Null,Null
931,8500000000007,ULTRAFLEX HMB 3000 LATA X3,Null,Null,Null
932,8500000000001,ULTRAFLEX LATA X 300 G X2,Null,Null,Null
933,8500000000005,ULTRAFLEX LATA X 300 G X3,Null,Null,Null
934,8500000000002,ULTRAFLEX MAGNESIO LATA X2,Null,Null,Null
935,8500000000006,ULTRAFLEX MAGNESIO LATA X3,Null,Null,Null
936,7798354463741,THELMA &LOUISE MASAJ.FAC GLOB,Null,Null,Null
937,4580193651433,CITIZEN TEN DIGITAL AUT ESTAN,Null,Null,Null
938,762860013476,SILFAB AEROCHAMBER CAM AMARIL,Null,Null,Null
939,762860013483,SILFAB AEROCHAMBER CAM AZUL,Null,Null,Null
940,762860013490,SILFAB AEROCHAMBER CAM C/BOQU,Null,Null,Null
941,762860013469,SILFAB AEROCHAMBER CAM NARANJ,Null,Null,Null
942,762860850897,SILFAB AEROCHAMBER CAM VIOLET,Null,Null,Null
943,7798028880867,SILFAB ALMTE 2 TEMP CERVI,MLA23447237,13894.01,214505480
944,7798028880843,SILFAB ALMTE 2 TEMP LARGE,MLA23776069,Null,Null
945,7798028880836,SILFAB ALMTE 2 TEMP SMALL,MLA23552392,13114.61,214505480
946,7798028880256,SILFAB ANDADOR D/ALM FIJ Y MO,Null,Null,Null
947,7798028883509,SILFAB BY550 SECADOR ION EXPE,Null,Null,Null
948,7798028883516,SILFAB BY578 SECADOR DUAL EXP,Null,Null,Null
949,7798028880096,SILFAB CHATA PLASTICA,Null,Null,Null
950,7798028884018,SILFAB GEL F/C INF MULT DINOS,Null,Null,Null
951,7798028884001,SILFAB GEL F/C INF MULTIUSO,Null,Null,Null
952,7798028883950,SILFAB GEL F/C MULTIPROPOS L,Null,Null,Null
953,7798028883943,SILFAB GEL F/C MULTIPROPOS S,Null,Null,Null
954,7798028883974,SILFAB GEL F/C RODILLA CODO,Null,Null,Null
955,7798028883967,SILFAB GEL F/C TOBILLO,Null,Null,Null
956,7798028880294,SILFAB NEBU A PISTON RESPIRAR,MLA15078082,Null,Null
957,7798028883837,SILFAB NEBU MESH VPM3,Null,Null,Null
958,7798028880911,SILFAB NEBU ULTRA SF 2010,MLA15076272,Null,Null
959,7798028884292,SILFAB ONDULAD PELO CURL EXPE,Null,Null,Null
960,7798028880324,SILFAB SILLA D/RUEDAS AN 46CM,Null,Null,Null
961,7798028880348,SILFAB SILLA D/RUEDAS CR 46CM,Null,Null,Null
962,6942820471476,SILFAB TERMOMETRO BLUETOOTH,Null,Null,Null
963,7798028884469,SILFAB VAPORIZADOR V12,Null,Null,Null
964,7798028880041,SILFAB VAPORIZADOR X 3 L,Null,Null,Null
965,4580193651433,CITIZEN TEN DIGITAL AUT ESTAN,Null,Null,Null
966,7798028880256,SILFAB ANDADOR D/ALM FIJ Y MO,Null,Null,Null
967,7798028883509,SILFAB BY550 SECADOR ION EXPE,Null,Null,Null
968,7798028883516,SILFAB BY578 SECADOR DUAL EXP,Null,Null,Null
969,7798028880096,SILFAB CHATA PLASTICA,Null,Null,Null
970,7798028884018,SILFAB GEL F/C INF MULT DINOS,Null,Null,Null
971,7798028884001,SILFAB GEL F/C INF MULTIUSO,Null,Null,Null
972,7798028883950,SILFAB GEL F/C MULTIPROPOS L,Null,Null,Null
973,7798028883943,SILFAB GEL F/C MULTIPROPOS S,Null,Null,Null
974,7798028883974,SILFAB GEL F/C RODILLA CODO,Null,Null,Null
975,7798028883967,SILFAB GEL F/C TOBILLO,Null,Null,Null
976,7798028884292,SILFAB ONDULAD PELO CURL EXPE,Null,Null,Null
977,7798028880324,SILFAB SILLA D/RUEDAS AN 46CM,Null,Null,Null
978,7798028880348,SILFAB SILLA D/RUEDAS CR 46CM,Null,Null,Null
979,7798028884469,SILFAB VAPORIZADOR V12,Null,Null,Null
980,7793487817157,VERTIENTE EST CORAZ F/ROJOS,Null,Null,Null
981,7793487817133,VERTIENTE EST CORAZ ROSEWATER,Null,Null,Null
982,7793487064933,VERTIENTE HOME SECRETOS X240,Null,Null,Null
983,7793487064919,VERTIENTE HOME SENSUAL X240,Null,Null,Null
984,8411061912935,THE SECRET TEMPT COL EDT X200,MLA18939381,45000,1062073195
985,7506309892801,VICK VITAPYRENA FTE X5G X 5,Null,Null,Null
986,8411061043868,212 MEN EDT VAP X100,Null,Null,Null
987,8411061043844,212 VIP BLACK EDP NS X100,MLA8736676,40294,688619568
988,8411061001646,CH BAD BOY SUPERSTARS EDTX100,Null,Null,Null
989,8411061041659,CH GOOD GIRL VERY EDP X 30,Null,Null,Null
990,8411061043875,CH GOOD GIRL VERY EDP X 50,Null,Null,Null
991,8411061024485,{CH HOT MEN EDP X100,MLA19772338,Null,Null
992,3349668599080,INVICTUS RE 2022 EDP 50,Null,Null,Null
993,3349668599110,INVICTUS RE 2022 EDP X 100,Null,Null,Null
994,3349668581184,{LADY M EDP 80+BL+MIN MD,Null,Null,Null
995,3349668562732,LADY MILLION LUCKY EDP X 50ML,Null,Null,Null
996,3349668581153,{OLYMPEA EDP 80+BL100 MD20,Null,Null,Null
997,3349668599424,OLYMPEA SOLAR EDP 30,Null,Null,Null
998,3349668599448,OLYMPEA SOLAR EDP 50,Null,Null,Null
999,3349668599417,OLYMPEA SOLAR EDP 80,MLA23042850,44999,162999479
1000,3349668582839,{ONE MILLION EDT100 COFRE,MLA20981669,Null,Null
1001,3349668566211,ONE MILLION LUCKY EDT X200ML,MLA16109253,Null,Null
1002,3349668579839,ONE MILLION PARFUM X100,MLA16998135,58470,257611524
1003,3349668579822,ONE MILLION PARFUM X 50,Null,Null,Null
1004,3349668591688,{PACO EDP 50+BL100+MG10 HD,Null,Null,Null
1005,3349668582730,{PACO RABANNE INVIC MEN100EDT,MLA20018552,Null,Null
1006,3349668543052,PACO RABANNE INVICTUS INT X50,Null,Null,Null
1007,3349668613427,PACO RABANNE OLYMPEA EDPX 30,Null,Null,Null
1008,3433422408616,ANTHELIOS 50 AREA SENSIBLESX9,MLA16048360,6878,506786485
1009,7790033283299,{ANTHELIOS 50 COMP 02 20% AG20,MLA21652065,Null,Null
1010,3337872414381,ANTHELIOS 50 COMPACTO CR T02,MLA16048378,Null,Null
1011,3337875550611,ANTHELIOS 50 LECHE X250,MLA16048301,Null,Null
1012,7790033283329,ANTHELIOS 50 LEC X250 20%AG20,MLA20004000,Null,Null
1013,3337875706667,ANTHELIOS 50 MINERAL ONE 01,MLA19542221,Null,Null
1014,3337875706698,ANTHELIOS 50 MINERAL ONE 04,MLA19734153,Null,Null
1015,3337872420207,EFFACLAR BB BLUR 02,MLA22272586,Null,Null
1016,7899706149211,EFFACLAR CONCENTRA BARRA X 70,Null,Null,Null
1017,3337875518598,EFFACLAR DUO UNIFIANT MEDIUM,MLA21783653,Null,Null
1018,3337875518628,EFFACLAR EAU MICELAR X100ML,MLA19504608,Null,Null
1019,3433422408357,EFFACLAR EAU MICELAR X200ML,Null,Null,Null
1020,3337875708289,EFFACLAR GEL MICROEXFOLX400ML,Null,Null,Null
1021,3337875683739,{HYALU B5 SERU X50ML ED.LIMIT,MLA19128493,Null,Null
1022,3337875731409,HYDRAPHASE HA RICA X50ML,MLA19561076,10413,167693673
1023,3337875696579,LIPIKAR BAUME AP + M CRX200ML,Null,Null,Null
1024,3337875696548,LIPIKAR BAUME AP + M CRX400ML,MLA20875628,Null,Null
1025,3337875685832,LIPIKAR LAIT UREA 5% X 200,MLA19455120,Null,Null
1026,3337875552127,LIPIKAR LAIT X400 ML,Null,Null,Null
1027,3337875537308,LIPIKAR SYNDE AP+X200ML,MLA19156683,Null,Null
1028,3337875725897,LRP AGUA MICELAR BIFASIC X400,MLA20020422,Null,Null
1029,3337872414152,PIGMENCLAR YEUX X 15,Null,Null,Null
1030,3337872413728,REDERMIC HYALU C UV X 40ML,Null,Null,Null
1031,3337875660549,REDERMIC (R) X 30ML,MLA19878347,22740.3,313043158
1032,3337872410147,RESPECTISSIME DELIN NEGRO,MLA24067190,Null,Null
1033,3337875632690,RESPECTISSIME MASC EXT NEG6.5,Null,Null,Null
1034,3337875807043,ROSALIAC UV LEGERE X 40ML,Null,Null,Null
1035,3337872411595,TOILETTE PHYSIOL SOL MIC X400,MLA17375896,Null,Null
1036,30102422,{TOLERIANE BLUSH ROS CARAME03,Null,Null,Null
1037,3337872410970,TOLERIANE PINCEAU CORR AMARIL,Null,Null,Null
1038,3337872410949,TOLERIANE PINCEAU CORR BC N01,Null,Null,Null
1039,3337872410956,TOLERIANE PINCEAU CORR BO N02,Null,Null,Null
1040,3337872410963,TOLERIANE PINCEAU CORR VERDE,Null,Null,Null
1041,3337875678667,TOLERIANE SENSITIVE LIGHT,MLA19790043,Null,Null
1042,3337875678636,TOLERIANE SENSITIVE MEDIUM,MLA19924161,Null,Null
1043,3337872412042,TOLERIANE TEINT MINERAL 11,MLA20025978,Null,Null
1044,3337872412059,TOLERIANE TEINT MINERAL 13,MLA20025705,Null,Null
1045,7798195030058,ARLYT CLEAN LENTE RPG X120ML,Null,Null,Null
1046,7798195030034,ARLYT EXPRESS X120ML,Null,Null,Null
1047,7798195030157,ARLYT EXPRESS X240ML,Null,Null,Null
1048,7798195030041,ARLYT EXPRESS X360ML,Null,Null,Null
1049,7798195031062,ARLYT EXPRESS X500ML,Null,Null,Null
1050,7798195030065,ARLYT FRESH ENV X 15ML,Null,Null,Null
1051,7798195031109,ARLYT KLINNER ENV X 35ML,Null,Null,Null
1052,7798195030072,ARLYT LUBRICANTE ENV X 15ML,Null,Null,Null
1053,7798195030010,ARLYT PREMIUM X120ML,Null,Null,Null
1054,7798195030164,ARLYT PREMIUM X240ML,Null,Null,Null
1055,7798195030027,ARLYT PREMIUM X360ML,Null,Null,Null
1056,7798195030218,ARLYT PREMIUM X 60ML,Null,Null,Null
1057,7798195031031,ARLYT SOL SALINA ENV X500ML,Null,Null,Null
1058,7795368547368,NEWCLAR GTS OFT X 10 ML,Null,Null,Null
1059,7795323774495,NUTRILON 4 S/BANANA LATAX350G,MLA18416524,Null,Null
1060,7795323774488,NUTRILON 4 S/VAIN LATAX350G,MLA18416523,Null,Null
1061,7795323773924,NUTRILON REDUCI LACTOSA X400G,MLA18923499,8500,163273290
1062,7795323772798,NUTRILON S/LACTOSA LCP X400G,MLA9097284,7900,5954079
1063,7795323774853,VITAL 3 NF LATA X 800GR,Null,Null,Null
1064,7795323774860,VITAL 4 NF LATA X 800GR,Null,Null,Null
1065,7795323774464,VITAL FIBRA PLUS LATA X 775 G,Null,Null,Null
1066,7613036277341,NIDO FORTIGROW DESLACTOS X800,MLA9758530,Null,Null
1067,7613287764423,NIDO PREESCOLAR 4 LATA X800,Null,Null,Null
1068,732535898721,NATURAL CANDY COCON/CHOC X100,Null,Null,Null
1069,732535898707,NATURAL CANDY COCON/GRANBERRIES X100,Null,Null,Null
1070,732535898691,NATURAL CANDY COCON/ORIG X100,MLA22372971,852,369271235
1071,732535898738,NATURAL CANDY GRANOLA,MLA22520539,Null,Null
1072,729105210212,MIZU CR ACTIVE HEALTH X300G,Null,Null,Null
1073,729105210076,MIZU CR COLAG BEAUTY POTE 250,Null,Null,Null
1074,729105209889,MIZU CR COLAG HIDRO POTEX250G,Null,Null,Null
1075,729105210168,MIZU POWER RECOVERY PTEX300GR,Null,Null,Null
1076,729105210182,MIZU SPORT FOCUS POTE X300GR,Null,Null,Null
1077,729105210175,MIZU SPORT HYDRAT POTE X250GR,Null,Null,Null
1078,7798176009851,{ENFABEBE 1 ESTU X 800G,MLA14326655,Null,Null
1079,7798176000780,SANCOR BEBE 1 ADV.BRIK 200X30,Null,Null,Null
1080,7798176001237,SANCOR BEBE 1 ADV.BRIK 500X12,MLA23243515,Null,Null
1081,7798176000667,SANCOR BEBE 1 NC 12U PACX 500,MLA22796176,Null,Null
1082,7798176000650,SANCOR BEBE 1 NC 30U PACX 200,Null,Null,Null
1083,7798176001244,SANCOR BEBE 2 ADV.BRIK 500X12,Null,Null,Null
1084,7798176000681,SANCOR BEBE 2 NC 12U PACX 500,Null,Null,Null
1085,7798176001220,SANCOR BEBE 3 ADV.BRIK 200X30,MLA21937745,Null,Null
1086,7798176009882,SANCOR BEBE 3 NUT.C BR1000X12,Null,Null,Null
1087,7798197513238,{CARDON VICTORIA O EDP WM X50,MLA19720461,Null,Null
1088,3348901182348,DIOR ADDICT EDP VAP X 50,Null,Null,Null
1089,3348901487511,DIOR JOY INTENSE EDP X 50,Null,Null,Null
1090,3274872388246,{GIVENCHY L`INTERDIT EDT X 80,Null,Null,Null
1091,3274872389960,ORGANZA EDP VAP NUEVO X 50,Null,Null,Null
1092,7790387004977,LA MERCED YERBA CAM/MON X500G,Null,Null,Null
1093,7790387120356,LA MERCED YERBA CAMPO X500G,Null,Null,Null
1094,7790387712056,TARAGUI TE HIERBAS X 10 SOB,Null,Null,Null
1095,7790387120370,TARAGUI TERMO X1U,MLA21884529,Null,Null
1096,7790387000306,TARAGUI TE TILO X 10 SOB,Null,Null,Null
1097,7790387013146,TARAGUI YERBA X500G,Null,Null,Null
1098,7896004006376,KELLOGG'S ZUCARITAS X 120G,MLA19943720,Null,Null
1099,38000185069,PRINGLES BARBACOA X139G,MLA20988219,Null,Null
1100,8500000000013,PRINGLES BARBACOA X139G X3,Null,Null,Null
1101,8500000000020,PRINGLES BARBACOA X139G X6,Null,Null,Null
1102,38000184895,PRINGLES CREMA Y CEBOLL X 124G PACK,Null,Null,Null
1103,38000845604,PRINGLES CREMA Y CEBOLL X 67G PACK,Null,Null,Null
1104,8500000000014,PRINGLES CREMA Y CEBOLL X124G X3,Null,Null,Null
1105,8500000000021,PRINGLES CREMA Y CEBOLL X124G X6,Null,Null,Null
1106,38000845253,PRINGLES CREMA Y CEBOLL X67G,Null,Null,Null
1107,8500000000017,PRINGLES CREMA Y CEBOLL X67G X3,Null,Null,Null
1108,8500000000024,PRINGLES CREMA Y CEBOLL X67G X6,Null,Null,Null
1109,8500000000018,PRINGLES ORIGINAL X67G X3,Null,Null,Null
1110,8500000000025,PRINGLES ORIGINAL X67G X6,Null,Null,Null
1111,38000845635,PRINGLES ORIGI X67G PACK,Null,Null,Null
1112,38000184888,PRINGLES ORIG X 124 G PACK,Null,Null,Null
1113,8500000000015,PRINGLES ORIG X 124 X3,Null,Null,Null
1114,8500000000022,PRINGLES ORIG X 124 X6,Null,Null,Null
1115,38000184901,PRINGLES QUESO X124G PACK,Null,Null,Null
1116,8500000000016,PRINGLES QUESO X 124G X3,Null,Null,Null
1117,8500000000023,PRINGLES QUESO X 124G X6,Null,Null,Null
1118,38000845611,PRINGLES QUESO X67G PACK,Null,Null,Null
1119,8500000000019,PRINGLES QUESO X67G X3,Null,Null,Null
1120,8500000000026,PRINGLES QUESO X67G X6,Null,Null,Null
1121,3430750528641,JEANNE TEA TIME MACAR EDPX100,Null,Null,Null
1122,679602211222,PINO SILVESTRE EDT VAP X125,Null,Null,Null
1123,8006060608554,JANEKE TOOTHBRUSH SP59ASS,Null,Null,Null
1124,8470001654557,FOTO ISDIN 50 COMPACTO BRONCE,MLA19531232,11110,113253867
1125,8470001585066,FOTO ISDIN 50 FUS FL COLORX50,MLA19504497,Null,Null
1126,8429420210547,FOTO ISDIN 50 FUS FLUID MINER,MLA21874686,Null,Null
1127,8429420195950,FOTO ISDIN 50 FUSION W 5 STAR,MLA20757591,Null,Null
1128,8429420161214,FOTO ISDIN 50 GEL CREMA X250,MLA19504474,Null,Null
1129,8429420137974,FOTO ISDIN 50 PROTECT LABIAL,MLA19567198,3358,802641616
1130,8429420079717,FOTO ISDIN 99 SPOT PREVENTX50,MLA19558501,11031,645787994
1131,8429420215078,ISDINCEUTICS FLAVO-C FORT X1U,MLA23255255,12021,645787994
1132,8429420216068,ISDINCEUTICS FLAVO-C FORT X3U,Null,Null,Null
1133,8429420138346,ISDINCEUTICS FLAVO-C MEL AQ10,Null,Null,Null
1134,8470001864802,ISDINCEUTICS FLAVO-C MEL AQ30,MLA21081008,Null,Null
1135,8429420199163,ISDINCEUTICS INST FLAS AMP X1,Null,Null,Null
1136,8470001915528,ISDIN SI NAILS VARNISH X2.5ML,Null,Null,Null
1137,7794640172816,CENTRUM HOMBRE COMP X 30,MLA20068467,Null,Null
1138,7794640172847,CENTRUM MUJER COMP X 60,Null,Null,Null
1139,7794640172861,CENTRUM SILVER COMP REC X60,Null,Null,Null
1140,7794640173233,COREGA MAXIMA FIJ/FRESC X 40,Null,Null,Null
1141,7794640173240,COREGA MAXIMA FIJ/FRESC X 70,Null,Null,Null
1142,7794640173219,COREGA TAB PRO ORTODON X30TA,Null,Null,Null
1143,7794640173189,HINDS CR BIO HIDRAT X250,MLA23943681,747,162321615
1144,7794640170799,SENSODYNE DENT COMPL PROTX100,MLA16135049,Null,Null
1145,7794640171765,ULTRA COREGA CR MENTA X70G,Null,Null,Null
1146,7794640171758,ULTRA COREGA CR S/SABOR X70G,Null,Null,Null
1147,7804900000251,ULTRA COREGA MAX FIJ+SELLX40G,Null,Null,Null
1148,7794640172731,ULTRA COREGA MAX SELL S/SX70G,MLA21906353,Null,Null
1149,9999999999999,{SENSODYNE DENT ANTISARROX 60,Null,Null,Null
1150,7798034740032,BUCAL BOX CLASS SURTIDO X 1,Null,Null,Null
1151,7798158489589,BUCAL TAC HILO DENT C/C FINO,Null,Null,Null
1152,7798158489596,BUCAL TAC HILO DENT S/C FINO,Null,Null,Null
1153,7798158482788,BUCAL TAC SWEET CARE FRUTILLA,Null,Null,Null
1154,7798158482795,BUCAL TAC SWEET CARE TUTTI-FR,MLA21800214,1550,308421918
1155,7502236151882,DEKKIN AURIC VINCHA OR.GA AZ,MLA23911296,6299,71229887
1156,7502236151875,DEKKIN AURIC VINCHA OR.GA R/G,Null,Null,Null
1157,7503034665212,DEKKIN CABL TIPO C CARG/SINCR,Null,Null,Null
1158,7503034665410,DEKKIN CABL TRENZ/MULTIPUNTA,Null,Null,Null
1159,7502236154685,DEKKIN CARGADOR/AUTO X 1,Null,Null,Null
1160,8500000000027,CURFLEX COMP X 30 X2,Null,Null,Null
1161,8500000000031,CURFLEX COMP X 30 X3,Null,Null,Null
1162,8500000000028,CURFLEX PLUS COMP X 30 X2,Null,Null,Null
1163,8500000000030,CURFLEX PLUS COMP X 30 X3,Null,Null,Null
1164,7790813130164,LEVADURA.VIRGEN MANZ PVO X200,Null,Null,Null
1165,7791984001086,MEGACISTIN BLOCKER CAPS X 30,Null,Null,Null
1166,7791984999956,OMEGA 3 NUTRIFARMA CAPS X 30,Null,Null,Null
1167,7791984000959,VITENE ANTIAGE+40 CAPS X 30,Null,Null,Null
1168,7791984000874,VITENE ANTIAGE COMP X 30,MLA20009877,Null,Null
1169,74312512391,NATURES BOUNTY KRILL OIL X 30,MLA19532645,Null,Null
1170,7798173570019,ECOHAIR LOC CRECIM X 125ML,Null,Null,Null
1171,7798173570088,ECOHAIR PESTAÑAS GEL X 5 ML,Null,Null,Null
1172,8500000000036,ECOHAIR SH ACAIDA + ACOND,Null,Null,Null
1173,8500000000035,ECOHAIR SH ANTICAIDA X200 ML X3,Null,Null,Null
1174,8500000000009,ECOHAIR SH ANTICAIDA + LOC CRECIMIENTO,Null,Null,Null
1175,8500000000011,ECOHAIR SH ANTICAIDA X200ML X2,Null,Null,Null
1176,8430351066011,CETAPHIL LOC LIMP X 237ML,Null,Null,Null
1177,3331436740039,{DALI CRAZY KISS EDT VAP X100,Null,Null,Null
1178,3331436710025,{DALI LITTLE KISS CHERRY X 50,Null,Null,Null
1179,3331436700026,DALI LITTLE KISS EDTV X 50,Null,Null,Null
1180,3331436730016,{DALI LOVELY KISS EDT VAP X 30,Null,Null,Null
1181,3331438000032,DALI SUNRISE E/CAD EDTV X100,Null,Null,Null
1182,8431754490618,{JDP HALLOWEEN FLEUR EDTV 30,Null,Null,Null
1183,8431754346014,{JDP HALLOWEEN KISS EDTV 50,Null,Null,Null
1184,8431754346021,{JDP HALLOWEEN KISS SE EDTV 50,Null,Null,Null
1185,3331436404023,LAGUNA HOMME EDT VAP X 50,Null,Null,Null
1186,7630042400419,SWISS ARMY STEEL M EDTV X100,Null,Null,Null
1187,7794428010149,CISTIMAX GEL UNGUEAL X 5ML,Null,Null,Null
1188,7794428010903,I.U 400 CAPS X 30,Null,Null,Null
1189,7794428010910,I.U 400 CAPS X 60,Null,Null,Null
1190,7794428000010,I.U 400 COMP X 30,Null,Null,Null
1191,7794428000027,I.U 400 COMP X 60,Null,Null,Null
1192,7794428000058,I.U 800 COMP X 30,Null,Null,Null
1193,7799075001113,AVENE A-OXITIVE SERUM X 30,Null,Null,Null
1194,7799075001380,AVENE CICALFATE + CREMA X 40,Null,Null,Null
1195,7799075001656,AVENE CLEANANCE GEL X200,Null,Null,Null
1196,7798095414729,AVENE CLEANANCE MASQUE X 40,MLA21129015,Null,Null
1197,7798095417911,AVENE CLEANANCE PAN X100,MLA22299087,Null,Null
1198,7798095419007,AVENE DEMAQUILLANTE 3 EN 1,MLA19804990,Null,Null
1199,7799075000376,AVENE DERMABSOLU CR DIA X 40,MLA19724457,Null,Null
1200,7799075000826,AVENE HYDRANCE AGUA GEL X 50,MLA19561139,Null,Null
1201,7798095418413,AVENE PHYSIOLIFT CONT/OJ X 15,MLA19776228,Null,Null
1202,7798095418390,AVENE PHYSIOLIFT CR NOC X 30,MLA22314162,20595,215936606
1203,7798095418987,AVENE SOL 50 CR ANTI AGE X 50,MLA16048570,Null,Null
1204,7799075000062,AVENE SOL 50 CREMA COLOR X50,MLA19504503,Null,Null
1205,7799075000024,AVENE SOL 50 FLUIDO MATE COL,MLA16048257,Null,Null
1206,7798095418994,AVENE SOL 50 FLUIDO MIN X 40,MLA16048502,Null,Null
1207,7798095415771,AVENE SOL 50 REFLEX SOLAR X30,MLA16048332,Null,Null
1208,7798095415320,AVENE SOL 50 STICK SENSIBLEX8,MLA16048334,Null,Null
1209,7798095415313,AVENE SOL AUTOBRONCEANTE X100,MLA19940256,Null,Null
1210,7798095415214,AVENE SOL BCA COMPACTO DORE,MLA16048561,Null,Null
1211,7799075001625,AVENE SOL B PROTC50+30 EPL NU,MLA19753478,Null,Null
1212,7799075001786,AVENE TOLER LOC LIMPIAD X200,Null,Null,Null
1213,3577056013850,ELGYDIUM CR A/PLACA X 75ML,MLA16134850,Null,Null
1214,7798122341424,VIASEK ESPUMA PH 6.8 AERX75ML,Null,Null,Null
1215,7798122341691,VIASEK MEN CUID.INT. FCOX75ML,Null,Null,Null
1216,7798122341653,VIASEK TEENS ESPUMA FCO X250,Null,Null,Null
1217,4005800131141,EUCERIN AQUAPORIN FPS25 X 50,MLA22324437,Null,Null
1218,4005800180514,EUCERIN DERMOPUR A/MICE X200,Null,Null,Null
1219,4005900436993,EUCERIN DERMOPUR EXFOL X100,Null,Null,Null
1220,4005800193279,EUCERIN HYAL FIL+VOL LIF SECA,Null,Null,Null
1221,4005800197604,EUCERIN PH 5 ACEITE DUCHAX400,Null,Null,Null
1222,4005800178573,EUCERIN PH 5 CR INTENS X450ML,MLA17331887,8471,377840555
1223,4005800630958,EUCERIN PH 5 INTIM PROTX250ML,Null,Null,Null
1224,4005800178368,EUCERIN PH 5 LOC X250ML,Null,Null,Null
1225,4005900914453,EUCERIN PIGMENT CR TONO FPS30,Null,Null,Null
1226,4005808581214,EUCERIN SOL 50 GEL ALERG X150,MLA16048402,7999,470299447
1227,4005800027468,EUCERIN SOL 50 KIDS LOC X150,MLA16048488,6000,113253867
1228,4005800037153,EUCERIN TRAT INT A/CAIDA X100,Null,Null,Null
1229,4005800035784,EUCERIN UREA 5% CREMA X 75,Null,Null,Null
1230,4005900490445,EUCERIN VOL FILLER DIA PSX 50,Null,Null,Null
1231,4211125667924,BEURER FM38 MASAJ/PIES SHIATS,Null,Null,Null
1232,4211125641092,BEURER HA50 AUDIFONO 100-6000,Null,Null,Null
1233,7792981005084,ENA PRE WAR LEMONADE X 400G,MLA24200534,Null,Null
1234,7792981001185,ENA PROTEIN BAR CHOCOL BX16UN,MLA23214705,6192,320396604
1235,7792981001208,ENA PROTEIN BAR COCO+DDLX16UN,Null,Null,Null
1236,7792981001031,ENA PROTEIN BAR FRUT CR X16UN,MLA23654235,Null,Null
1237,7792981001048,ENA PROTEIN BAR LEM PIE X16UN,MLA23654239,5000,355576322
1238,7796285273941,EVATEST CLASSIC TEST X 1,Null,Null,Null
1239,7796285286828,EVATEST EASY PLUS TEST X 1,Null,Null,Null
1240,8500000000033,INFILTREX COMP X 30 X3,Null,Null,Null
1241,7795513227299,MARCHAND DAR DIF BERG/ORQUID,Null,Null,Null
1242,7795513227282,MARCHAND DAR DIF JAZM/SANDAL,Null,Null,Null
1243,7795513227275,MARCHAND DAR DIF VERB/LIMON,Null,Null,Null
1244,7795513227350,MARCHAND DAR EDP REVOLU X120,MLA19720450,Null,Null
1245,7791600024123,CIEL CRISTAL EDT VAP X 80,Null,Null,Null
1246,7791600619589,CIEL LOVE NESSESAIRE EDT60+DE,Null,Null,Null
1247,7791600667474,CIEL MAGIC NESSESAIRE MAGIC,Null,Null,Null
1248,7791600667252,CIEL NOIR (NEC EDT+DEO X123),Null,Null,Null
1249,7791600521240,GINO BOGANI EDT VAP X 60,Null,Null,Null
1250,7791600253325,KEVIN PLATINUM EDT VAP X 50,Null,Null,Null
1251,7791600276133,PAULA LUNA EDT VAP X100,MLA22288002,Null,Null
1252,7791600496135,PRUNE II EDP VAP X 90,MLA20723436,13760,94850467
1253,75486033286,HAWAIIAN TROP GEL COOL ICX240,Null,Null,Null
1254,75486088637,HAWAIIAN TROP SHEER T F50X240,MLA16048348,5999,212298174
1255,7792175010207,PERPIEL AG MICELAR BIF X200ML,Null,Null,Null
1256,7792175010320,PERPIEL AG+MONO+JABFAC COMBO,Null,Null,Null
1257,7792175009683,PERPIEL EMUL X400ML,Null,Null,Null
1258,7792175010467,PERPIEL FAC +EM CO HI+CEP MAS,Null,Null,Null
1259,7792175010221,PERPIEL JAB LIMP FACIALX200ML,Null,Null,Null
1260,7891962050713,BAUDUCCO COOKIES CHOCO X 40G,Null,Null,Null
1261,7891962050706,BAUDUCCO COOKIES ORIGX 40G,Null,Null,Null
1262,7891962037110,BAUDUCCO OBLEA CHOCO X 30G,Null,Null,Null
1263,7891962037134,BAUDUCCO OBLEA FRESA X 30G,Null,Null,Null
1264,7891962049915,BAUDUCCO OBLEA VAINI X 30G,Null,Null,Null
1265,7790375268916,BAGO+ACTIVAMENTE COMP X 15,Null,Null,Null
1266,7790375269913,BAGO+CALMA COMP X 30,Null,Null,Null
1267,7790375270216,BAGO+DESCANSO COMP X 20,Null,Null,Null
1268,7790375268725,BAGO+ENERGIA COMP X 30,MLA23963426,2436,802099465
1269,7790375269340,BAGOVIT FAC PRO LI EF OJOSX15,Null,Null,Null
1270,7790375268428,BAGOVIT SOLAR FC50 EMUL X200,MLA19589281,Null,Null
1271,7790375268435,BAGOVIT SOLAR FC50 KIDS X200,MLA20718960,Null,Null
1272,7793970141615,BABELITO 14161 TET SIL 1,Null,Null,Null
1273,310119037805,BIOTRUE X 120 ML,Null,Null,Null
1274,310119037812,BIOTRUE X 300 ML,Null,Null,Null
1275,310119037799,BIOTRUE X 60 ML,Null,Null,Null
1276,47144060477,BOSTON ADV CLEAN P/L GAS X 30,Null,Null,Null
1277,47144050560,{BOSTON ADV COND SOL X120,Null,Null,Null
1278,310119056738,BOSTON SIMP MULT ACC GAS X120,Null,Null,Null
1279,310119303290,NATURA EXPRESS ENV X 120 ML,Null,Null,Null
1280,310119303306,NATURA EXPRESS ENV X 355 ML,Null,Null,Null
1281,310119303313,NATURA EXPRESS ENV X 500 ML,Null,Null,Null
1282,310119303320,NATURA PLUS ENV X 120 ML,Null,Null,Null
1283,310119303337,NATURA PLUS ENV X 355 ML,Null,Null,Null
1284,310119033227,RENU FRESH SOL M/PROPX 120 ML,Null,Null,Null
1285,310119033340,RENU FRESH SOL M/PROPX 355 ML,Null,Null,Null
1286,310119033289,RENU FRESH SOL M/PROPX 500 ML,Null,Null,Null
1287,310119034347,RENU FRESH SOL M/PROPX 60 ML,Null,Null,Null
1288,310119052136,RENU PLUS GTS X 8ML,Null,Null,Null
1289,7793742005466,AVENO INF GEL BAÑO X 250 GR,Null,Null,Null
1290,7793742004506,BUSHI ESCUDOS FORMA PEZON X2,Null,Null,Null
1291,7793742004308,BUSHI PEZONERA SILICONADA X2,Null,Null,Null
1292,7793742007309,DERMAGLOS F ROJECES EMUL X 50,MLA21805517,5499,478576920
1293,7793742007545,DERMAGLOS F ULT DIA +30 X 50,MLA9815454,Null,Null
1294,7793742007552,DERMAGLOS F ULT DIA +50 X 50,Null,Null,Null
1295,7793742007705,DERMAGLOS F ULT NOCH +30 X 50,MLA9815456,Null,Null
1296,7793742003486,DERMAGLOS SOLAR F15 EMUL X250,MLA16048400,Null,Null
1297,7793742003752,DERMAGLOS SOLAR F50 BEBESX180,MLA19504488,Null,Null
1298,7793742023439,DERMAGLOS SOLAR F50 EMUL X380,MLA16251923,6800,113253867
1299,7793742003776,DERMAGLOS SOLAR F50 SPRAYX170,MLA16048265,7674.67,344354557
1300,7793742004643,DERMAGLOS SOLAR POST GEL X 50,MLA21883710,Null,Null
1301,7793742002014,HIPOGLOS CUID DIARIO PDA X30G,MLA20026704,Null,Null
1302,73796712020,OMRON TENSIOM AUTOM HEM7120,Null,Null,Null
1303,73796713003,OMRON TENSIOM AUTOM HEM7130,Null,Null,Null
1304,614143473463,OMEGAN CAPS X 30,Null,Null,Null
1305,8710428019516,ENSURE ADVANCE CAF BOTX220ML,Null,Null,Null
1306,8427030008028,ENSURE ADVANCE FR-BA PVOX400G,Null,Null,Null
1307,8710428013514,ENSURE CLINICAL RTH ENVX500ML,Null,Null,Null
1308,8886451005656,PEDIASURE CHOCOLAT LATA X400G,MLA21889429,4033,454912802
