Producto,Nombre,Code bar
127120000000001949,PRINGLES ORIG X 124 G PACK,38000184888
127120000000001952,PRINGLES CR/CEB X 124G PACK,38000184895
127120000000001951,PRINGLES QUESO X124G PACK,38000184901
127120000000001948,PRINGLES CR/CEB X 67G PACK,38000845604
127120000000001953,PRINGLES QUESO X67G PACK,38000845611
127120000000001950,PRINGLES ORIGI X67G PACK,38000845635
100100000000045991,NEPRO AP ENV X 237 ML,70074117195
100100000000107572,OMRON TENSIOM MUÑECA 6123,73796612320
100100000000067438,OMRON TENSIOM AUTOM HEM7120,73796712020
100100000000070837,OMRON TENSIOM AUTOM HEM7130,73796713003
100100000000031425,OMRON NEBULIZADOR COMP NEC801,73796801182
100100000000087290,OMRON NEBULIZADOR COMP NEC803,73796803216
100100000000139534,{TOMMY MEN EDT VAP X 50,22548024317
100100000000139535,TOMMY MEN COL VAP X100,22548024324
727510,TOMMY GIRL COLOGNE VAP  X 50,22548040119
727506,TOMMY MEN COL VAP       X 30,22548055373
703238,NATURA EXPRESS ENV X 120 ML,310119303290
100100000000043427,NATURA EXPRESS ENV X 355 ML,310119303306
703048,NATURA EXPRESS ENV X 500 ML,310119303313
703278,NATURA PLUS ENV X 120 ML,310119303320
100100000000043426,NATURA PLUS ENV X 355 ML,310119303337
127120000000001898,PRINGLES CREMA Y CEBOLL X124G,38000184949
127120000000000621,PRINGLES ORIG X 124 G,38000184963
127120000000000697,PRINGLES QUESO X 124G,38000185014
127120000000001366,PRINGLES BARBACOA       X139G,38000185069
127120000000001270,PRINGLES ORIGINAL        X67G,38000845246
127120000000001272,PRINGLES CREMA Y CEBOLL  X67G,38000845253
127120000000001271,PRINGLES QUESO        X67G,38000845260
100100000000017007,BOSTON ADV CLEAN P/L GAS X 30,47144060477
100100000000090197,OMEGAN  CAPS X 30,614143473463
100100000000122981,MIZU CR COLAG HIDRO POTEX250G,729105209889
100100000000125794,MIZU CR COLAG BEAUTY POTE 250,729105210076
100100000000125793,MIZU CR IMMUNITY BA POTEX320G,729105210083
100100000000133223,MIZU CR ARTRO FLEX RECOV X255,729105210090
100100000000133222,MIZU POWER RECOVERY PTEX300GR,729105210168
100100000000133221,MIZU SPORT HYDRAT POTE X250GR,729105210175
100100000000133220,MIZU SPORT FOCUS  POTE X300GR,729105210182
100100000000129603,MIZU CR COLAG BEAU/NEUT PT250,729105210199
100100000000122983,MIZU CR ACTIVE HEALTH   X300G,729105210212
100100000000150937,MIZU COLAGENO VEGAN BEAX357GR,729105210243
709536,HAWAIIAN TROP LOC F 4 BR X240,75486020286
709542,HAWAIIAN TROP SHEER T F30X240,75486021689
779961,HAWAIIAN TROP ACEI F15 BRX240,75486031565
720485,HAWAIIAN TROP LOC F10 ZANX240,75486033187
726639,HAWAIIAN TROP GEL COOL ICX240,75486033286
100100000000075775,HAWAIIAN TROP SHEER T F50X120,75486088620
100100000000016867,HAWAIIAN TROP SHEER T F50X240,75486088637
100100000000139934,SILFAB AEROCHAMBER CAM NARANJ,762860013469
100100000000139931,SILFAB AEROCHAMBER CAM AMARIL,762860013476
100100000000139932,SILFAB AEROCHAMBER CAM AZUL,762860013483
100100000000139933,SILFAB AEROCHAMBER CAM C/BOQU,762860013490
100100000000137054,SILFAB AEROCHAMBER CAM VIOLET,762860850897
778849,DKNY BE DELICIUS WOM EDP X 50,763511009817
100100000000091803,BANANA BOAT KIDS SPORT CSX170,79656529296
100100000000041135,ANTHELIOS 50 STICK LABIOS,30089372
100100000000024562,{TOLERIANE BLUSH ROS CARAME03,30102422
100100000000045946,CICAPLAST LABIOS POMO  X7.5ML,30106659
704146,RENU FRESH SOL M/PROPX 120 ML,310119033227
968938,RENU FRESH SOL M/PROPX 500 ML,310119033289
740157,RENU FRESH SOL M/PROPX 355 ML,310119033340
881218,RENU FRESH SOL M/PROPX  60 ML,310119034347
102760000000004371,BIOTRUE X  60 ML,310119037799
102680000000000017,BIOTRUE X 120 ML,310119037805
100100000000012740,BIOTRUE X 300 ML,310119037812
874145,RENU PLUS GTS X 8ML,310119052136
740097,BOSTON SIMP MULT ACC GAS X120,310119056738
100100000000066384,NINA LUNA EDTV X 50ML,3137370321521
100100000000066385,NINA LUNA EDTV X 30ML,3137370321545
100100000000103515,{GIVENCHY L`INTERDIT EDT X 80,3274872388246
100100000000102790,ORGANZA EDP VAP  NUEVO  X 50,3274872389960
100100000000113415,GIVENCHY IRRESISTIB  EDP X 50,3274872400726
712455,LAGUNA HOMME EDT VAP     X 50,3331436404023
959838,{DALI LITTLE KISS  EDTV   X 50,3331436700026
959840,{DALI LITTLE KISS CHERRY X 50,3331436710025
100100000000016115,{DALI LOVELY KISS EDT VAP X 30,3331436730016
100100000000016105,{DALI CRAZY KISS EDT VAP  X100,3331436740039
100100000000081020,DALI SUNRISE E/CAD EDTV  X100,3331438000032
100100000000024564,RESPECTISSIME DELIN NEGRO,3337872410147
881833,TOILETTE PHYSIOL SOL MIC X200,3337872410338
921097,TOLERIANE PINCEAU CORR BC N01,3337872410949
921098,TOLERIANE PINCEAU CORR BO N02,3337872410956
921099,TOLERIANE PINCEAU CORR VERDE,3337872410963
908714,TOLERIANE PINCEAU CORR AMARIL,3337872410970
920422,EFFACLAR GEL           X200ML,3337872411083
100100000000052920,TOILETTE PHYSIOL SOL MIC X400,3337872411595
969567,EFFACLAR GEL           X400ML,3337872411991
1014645,TOLERIANE TEINT MINERAL    11,3337872412042
1014646,TOLERIANE TEINT MINERAL    13,3337872412059
100100000000069358,EFFACLAR EAU MICELAR   X400ML,3337872412516
100100000000001531,HYDRAPHASE INT OJOS     X15ML,3337872412646
967836,ANTHELIOS 50 PED LECHE   X100,3337872412752
100100000000011655,CICAPLAST BAUME B5       X 40,3337872412998
100100000000038253,CICAPLAST BAUME B5       X100,3337872413018
100100000000013385,EFFACLAR MAT           X 40ML,3337872413025
100100000000022945,REDERMIC HYALU C PS    X 40ML,3337872413711
100100000000022946,REDERMIC HYALU C UV    X 40ML,3337872413728
100100000000022947,LAROCHE PURE VITAMIN C OJ X15,3337872413735
100100000000028589,REDERMIC (R) OJOS       X 15,3337872414039
100100000000045945,CICAPLAST MANOS POMO     X 50,3337872414145
100100000000035127,PIGMENCLAR YEUX  X 15,3337872414152
100100000000035128,ANTHELIOS 50 COMPACTO CR T02,3337872414381
100100000000071238,LIPIKAR GEL LAVANT  X 200ML,3337872418778
100100000000071239,LIPIKAR GEL LAVANT  X 400ML,3337872418785
100100000000066078,ANTHELIOS 50 BRUME CPO X 200,3337872420153
100100000000057826,EFFACLAR BB BLUR 02,3337872420207
100100000000091840,CICAPLAST BAUME B5 FPS 50,3337875517300
100100000000097273,EFFACLAR DUO UNIFIANT LIGHT,3337875518451
100100000000097274,EFFACLAR DUO UNIFIANT MEDIUM,3337875518598
100100000000073740,EFFACLAR EAU MICELAR   X100ML,3337875518628
100100000000099030,LRP AGUA MICELAR P/REACT X200,3337875528092
100100000000099031,LRP AGUA MICELAR P/REACT X400,3337875528108
100100000000068275,LIPIKAR SYNDE AP+X200ML,3337875537308
100100000000073734,VICHY MINERAL 89        X 50,3337875543248
100100000000069572,ANTHELIOS 50 T SECO COLOR X50,3337875545891
100100000000069571,ANTHELIOS 50 T SECO X 50,3337875546430
100100000000069355,ANTHELIOS 50 LECHE       X250,3337875550611
100100000000074764,ANTHELIOS 50 PED LECHE   X250,3337875550628
100100000000071240,LIPIKAR LAIT  X200 ML,3337875552097
100100000000071241,LIPIKAR LAIT  X400 ML,3337875552127
100100000000081949,TOLERIANE SENSITIVE,3337875578486
100100000000081096,HYALU B5 SOIN  X40ML,3337875583589
100100000000081094,HYALU B5 SERUM X30ML,3337875583626
100100000000081951,CICAPLAST GEL B5,3337875586269
100100000000084971,ANTHELIOS 50 CREMA ULTRA X50,3337875588560
100100000000081948,EFFACLAR DUO + APF,3337875598071
100100000000096724,HYALU B5 OJOS  X15ML,3337875613668
100100000000066393,RESPECTISSIME MASC DENS NE4.5,3337875632652
100100000000000847,RESPECTISSIME MASC WATE NE7.6,3337875632676
924591,RESPECTISSIME MASC EXT NEG6.5,3337875632690
100100000000098572,REDERMIC (R)           X 30ML,3337875660549
100100000000098997,PURE VITAMIN C SERUM  30ML,3337875660570
100100000000109196,TOLERIANE SENSITIVE   MEDIUM,3337875678636
100100000000109195,TOLERIANE SENSITIVE   LIGHT,3337875678667
100100000000110489,HYALU B5 SERU X50ML ED.LIMIT,3337875683739
100100000000112072,LIPIKAR LAIT UREA 5% X 400,3337875685818
100100000000112069,LIPIKAR LAIT UREA 5% X 200,3337875685832
100100000000112273,RETINOL B3 SERUM       X 30ML,3337875694469
100100000000111879,LIPIKAR BAUME AP + M CRX400ML,3337875696548
100100000000111865,LIPIKAR BAUME AP + M CRX200ML,3337875696579
100100000000116055,ANTHELIOS 50 SPRAY NEW X200ML,3337875696838
100100000000128082,ANTHELIOS 50 DERMOPED SPRX200,3337875698696
100100000000112269,ANTHELIOS 50 MINERAL ONE 01,3337875706667
100100000000112271,ANTHELIOS 50 MINERAL ONE 03,3337875706681
100100000000112272,ANTHELIOS 50 MINERAL ONE 04,3337875706698
100100000000123367,EFFACLAR GEL MICROEXFOLX200ML,3337875708265
100100000000123368,EFFACLAR GEL MICROEXFOLX400ML,3337875708289
100100000000122757,EFFACLAR SERUM         X 30ML,3337875722827
100100000000121094,LRP AGUA MICELAR BIFASIC X400,3337875725897
100100000000123366,HYALU B5 AMPOLLAS X7 X1.8,3337875729864
100100000000124366,HYDRAPHASE HA RICA      X50ML,3337875731409
100100000000124367,HYDRAPHASE HA LIGERA    X50ML,3337875731638
100100000000137521,TOLERIANE DERMALLER EYE X20ML,3337875757515
100100000000137523,TOLERIANE DERMALLER CR  X40ML,3337875757614
100100000000137522,TOLERIANE DERMALLER FLU X40ML,3337875757669
100100000000123369,ANTHELIOS 50 AGE CORRECT X50,3337875761031
100100000000128083,ANTHELIOS 50+ TUBE NVO   X250,3337875761123
100100000000123370,ANTHELIOS 50 AGE C/COLOR  X50,3337875764353
100100000000141401,ANTHELIOS UVMINE FLUID 50+REN,3337875797597
100100000000141402,ANTHELIOS UVMINE FLUID50+AP T,3337875797641
100100000000009592,ROSALIAC UV LEGERE X 40ML,3337875807043
719289,FAHRENHEIT EDT VAP      X 50,3348900012189
719290,FAHRENHEIT EDT VAP      X100,3348900012219
719291,FAHRENHEIT EDT VAP      X200,3348900147324
719288,{FAHRENHEIT EDT VAP      X 30,3348900156128
719484,JADORE EDP VAP          X100,3348900417878
719483,JADORE EDP VAP          X 50,3348900417885
719482,JADORE EDP VAP          X 30,3348900417892
876125,DIOR HOMME INTENSE EDPV X 50,3348900838178
966031,DIOR HOMME INTENSE EDPV X100,3348900838185
100100000000005535,DIOR HOMME INTENSE EDPV X150,3348901001120
100100000000039863,DIOR ADDICT EDP VAP      X100,3348901181839
100100000000039861,DIOR ADDICT EDP          X 30,3348901182331
100100000000039862,DIOR ADDICT EDP VAP      X 50,3348901182348
100100000000143531,SAUVAGE EDT X100 REFILLABLE,3348901250146
100100000000055326,SAUVAGE EDT X 60,3348901250153
100100000000067214,SAUVAGE EDT X200,3348901321129
100100000000074705,{MISS DIOR EDP NV VAP    X100,3348901362832
100100000000074704,{MISS DIOR EDP NV VAP    X 50,3348901362856
100100000000084222,SAUVAGE EDP X100,3348901368247
100100000000084223,SAUVAGE EDP X 60,3348901368254
100100000000112921,DIOR HOMME EDT VAP NVO  X 50,3348901419130
100100000000112922,DIOR HOMME EDT VAP NVO  X100,3348901419147
100100000000098693,SAUVAGE EDP X200,3348901428545
100100000000112919,DIOR JOY INTENSE EDP     X 50,3348901487511
100100000000124698,DIOR HOMME EDT VAP NVO  X150,3348901544092
100100000000130279,MISS DIOR NEW EDP        X 30,3348901571432
921527,ONE MILLION EDT VAP     X 50,3349666007891
921528,ONE MILLION EDT VAP     X100,3349666007921
952996,ULTRAVIOLET MAN EDTV NV X100,3349666010518
952064,ULTRAVIOLET EDP VAP     X 80,3349666010532
712602,PACO RABANNE HOM EDTV   X100,3349668021345
712601,{PACO RABANNE HOM EDTV   X 50,3349668021543
1013597,LADY MILLION EDP VAP X 80,3349668508587
100100000000029067,PACO RABANNE INVICTUS   X 50,3349668515653
100100000000029066,PACO RABANNE INVICTUS   X100,3349668515660
100100000000048779,PACO RABANNE INVICTUS   X150,3349668524969
100100000000054741,PACO RABANNE OLYMPEA EDPX 80,3349668528677
100100000000071472,PACO RABANNE INVICTUS INT X50,3349668543052
100100000000097487,XS PURE EDP VAP FEM    X 80,3349668545636
100100000000097486,XS PURE EDP VAP FEM    X 50,3349668545667
100100000000097484,XS PURE EDP VAP FEM    X 30,3349668545698
871658,XS BLACK EXCES EDP VAP X 80,3349668555062
952696,XS BLACK EXCES EDP VAP X 50,3349668555093
871656,XS BLACK EXCES EDP VAP X 30,3349668555123
100100000000087914,ONE MILLION LUCKY EDT X100ML,3349668562671
100100000000087913,ONE MILLION LUCKY EDT X 50ML,3349668562701
100100000000087916,LADY MILLION LUCKY EDP X 50ML,3349668562732
100100000000093146,ONE MILLION LUCKY EDT X200ML,3349668566211
100100000000085215,ONE MILLION EDT VAP     X200,3349668566372
100100000000054742,PACO RABANNE OLYMPEA EDPX 50,3349668568093
100100000000099921,XS PURE  EDT     X150,3349668573820
100100000000099067,XS PURE NIGHT EDTV     X100,3349668573844
100100000000084964,XS BLACK F/MEN EDT VAP NCX100,3349668576111
733849,XS BLACK F/MEN EDT VAP NCX 50,3349668576128
100100000000077401,XS PURE EDT VAP        X 50,3349668576166
100100000000077400,XS PURE EDT VAP        X100,3349668576173
100100000000112304,ONE MILLION PARFUM      X 50,3349668579822
100100000000112303,ONE MILLION PARFUM      X100,3349668579839
100100000000116403,{OLYMPEA EDP 80+BL100 MD20,3349668581153
100100000000119736,{LADY M EDP 80+BL+MIN MD,3349668581184
100100000000127217,PACO RABANNE PHANTOM EDT X100,3349668582297
100100000000127218,PACO RABANNE PHANTOM EDT X 50,3349668582365
100100000000124943,{PACO RABANNE INVIC MEN100EDT,3349668582730
100100000000124946,{ONE MILLION EDT100 COFRE,3349668582839
100100000000124375,INVICTUS VICTORY EDP X100,3349668588732
100100000000124374,INVICTUS VICTORY EDP X 50,3349668588749
100100000000124863,PACO RABANNE INVICTUS X200,3349668589678
100100000000136219,{PACO EDP 50+BL100+MG10 HD,3349668591688
100100000000135734,INVICTUS VICTORY EDP X200,3349668592388
100100000000132270,PACO RABANNE PHANTOM EDT X150,3349668596348
100100000000140791,INVICTUS RE 2022 EDP   50,3349668599080
100100000000140790,INVICTUS RE 2022 EDP X 100,3349668599110
100100000000140793,OLYMPEA SOLAR EDP  80,3349668599417
100100000000140795,OLYMPEA SOLAR EDP  30,3349668599424
100100000000140794,OLYMPEA SOLAR EDP  50,3349668599448
100100000000139597,ONE MILLION ELIX 22 INTE X100,3349668600304
100100000000139598,ONE MILLION ELIX 22 INTE X 50,3349668601073
100100000000054743,PACO RABANNE OLYMPEA EDPX 30,3349668613427
100100000000117553,AZZARO WANTED GIRL  EDP  X 80,3351500013814
100100000000081833,DOLCE &GABB L.B PH    EDTX 75,3423473020509
100100000000081834,DOLCE &GABB L.B PH    EDTX125,3423473020516
100100000000143347,JEANNE TEA TIME MACAR EDPX100,3430750528641
100100000000143346,JEANNE BALCON MEDIT   EDPX100,3430750528658
711068,AGUA TERMAL LRP. AERO X 150ML,3433422404397
703055,LIPIKAR PAIN SURGRAS X150G,3433422404533
711074,TOLERIANE DERMO LIMP   X200ML,3433422406599
100100000000069072,EFFACLAR EAU MICELAR   X200ML,3433422408357
776807,ANTHELIOS 50 AREA SENSIBLESX9,3433422408616
100100000000138593,CETAPHIL HUMECT CR    X 453GR,3466320012838
100100000000022480,CETAPHIL DERMOC HD F30X 118ML,3499320004473
100100000000022481,CETAPHIL DERMOC ESPUMAX 236ML,3499320004497
100100000000018040,CETAPHIL HIDRAT FAC 50X  50ML,3499320004541
100100000000076579,CETAPHIL HIDRAT CR DIAX  88ML,3499320007986
100100000000106287,CETAPHIL BARRA LIMP PROFX127G,3499320008341
925947,ELGYDIUM CR A/PLACA X 75ML,3577056013850
100100000000154841,RETINOL SERUM OAP RVTL30HZ BR,3600524057336
100100000000014801,LA VIE EST BELLE EDP    X 30,3605532612690
100100000000014802,LA VIE EST BELLE EDP    X 50,3605532612768
100100000000014803,LA VIE EST BELLE EDP    X 75,3605532612836
100100000000038392,LA VIE EST BELLE EDP    X100,3605533286555
100100000000103397,IDOLE EDP X 50ML,3614272629370
100100000000103398,IDOLE EDP X 75ML,3614272629387
100100000000103396,IDOLE EDP X 25ML,3614272639638
100100000000127812,IDOLE EDP X 100 ML E.LIM,3614273069175
100100000000124478,YVES SL LIBRE INT EDP    X 30,3614273069533
100100000000122502,IDOLE INTENSE EDP X 50ML,3614273203470
100100000000122503,IDOLE INTENSE EDP X 75ML,3614273203487
100100000000123561,LA VIE EST BELLE EA SO CX100,3614273357197
100100000000134002,IDOLE AURA   EDP   X100,3614273476164
100100000000134001,IDOLE AURA   EDPV  X 50,3614273476287
786851,EUCERIN HYAL FILER DIA PMX 50,4005800014475
101100000000000082,EUCERIN HYAL FILER DIA PSX 50,4005800021930
786850,EUCERIN HYAL FILER NOCHE X 50,4005800024023
100100000000011211,EUCERIN UREA 10% INT REP X250,4005800024139
100100000000011270,EUCERIN UREA 5% LOC HID  X250,4005800024481
100100000000018585,{EUCERIN SOL 50 KIDS LOC X150,4005800027468
896753,EUCERIN UREA 5% CREMA    X 75,4005800035784
100100000000023387,EUCERIN SH GEL ANTICASPA X250,4005800036842
100100000000023389,EUCERIN SH REV ANTICAIDA X250,4005800037092
100100000000023390,EUCERIN TRAT INT A/CAIDA X100,4005800037153
874489,EUCERIN HYAL FILER OJOS  X 15,4005800057670
931767,EUCERIN SOL 50 MATIFICAN X 50,4005800065019
931766,EUCERIN SOL 50 CR FACIAL X 50,4005800065538
100100000000077757,EUCERIN SOL 50 KIDS SPR  X200,4005800066627
100100000000033914,EUCERIN DA CONTROL CREMAX 40,4005800079948
708109,EUCERIN PH 5 SYND BARR X100GR,4005800086380
100100000000044672,EUCERIN CR FAC A/ENRO DIAX 50,4005800109249
100100000000051785,EUCERIN SOL 30 T/SECO GELX 50,4005800120282
100100000000064119,EUCERIN SOL 30 T/SECO SPRX200,4005800126550
100100000000055009,EUCERIN AQUAPORIN PIEL SECX50,4005800128646
100100000000055012,{UCERIN AQUAPORIN FPS25  X50,4005800131141
100100000000008397,EUCERIN Q10 ACTIVE NOCHE X 50,4005800134661
100100000000098238,EUCERIN UREA 10% LOC REP X400,4005800164361
716794,EUCERIN PH 5  LOC      X250ML,4005800178368
100100000000091730,EUCERIN PH 5 CR INTENS X450ML,4005800178573
100100000000081485,EUCERIN DERMOPUR A/MICE  X200,4005800180514
100100000000081484,EUCERIN DERMOPUR GEL LIMPX400,4005800180606
100100000000055013,{EUCERIN AQUAPORIN C/OJ HIX15,4005800185090
100100000000026752,EUCERIN VOL FILLER DIA PSX 50,4005800193279
100100000000144895,EUCERIN HYAL FIL+VOL LIF SECA,4005800193279
100100000000055014,EUCERIN PH 5 ACEITE DUCHAX400,4005800197604
100100000000091990,EUCERIN AQUAPHOR UN REPA X 50,4005800223136
100100000000102618,EUCERIN SOL 50 PIGMENT CTX 50,4005800241901
100100000000116086,EUCERIN SPR CALM ATOPICONX 50,4005800264245
100100000000116085,EUCERIN SOL 50 CORP TOQ SE200,4005800266409
100100000000124111,EUCERIN AQUAPHOR REP LAB SOS,4005800268731
100100000000083711,EUCERIN DERM CL LOC  3E1 X400,4005800270468
100100000000114285,EUCERIN DERM CL ESP MCEL X150,4005800270475
1024361,EUCERIN DERM CL DEMQ BIFX125,4005800270543
100100000000140518,EUCERIN UREA 10% REPAIR PX150,4005800287855
100100000000096626,EUCERIN PH 5 INTIM PROTX250ML,4005800630958
730047,{EUCERIN Q10 ACTIVE C/OJOSX15,4005808122684
924143,NIVEA BODY NUT P/EXT SECAX400,4005808319695
730048,EUCERIN Q10 ACTIVE DIA   X 50,4005808551460
100100000000003446,EUCERIN SOL 50 GEL ALERG X150,4005808581214
100100000000000757,EUCERIN DERM CL LEC LIMP X200,4005808583072
100100000000000758,EUCERIN DERM CL LIMP 3E1 X200,4005808583805
961735,EUCERIN PH 5 ACEITE DUCHAX200,4005900000767
100100000000079715,EUCERIN LOCION PH5      X400,4005900000774
100100000000051784,EUCERIN SOL 50 T/SECO GELX 50,4005900140906
100100000000053356,EUCERIN SOL 50 T/SECO SPRX200,4005900169563
100100000000063815,EUCERIN SOL 50 CC CREAM  X 50,4005900264282
100100000000063816,EUCERIN SOL 50 A/EDAD FLUX 50,4005900265227
100100000000067641,EUCERIN ELAST FILLER DIA X 50,4005900324016
100100000000067642,EUCERIN ELAST FILLER NOCHX 50,4005900324023
100100000000007185,EUCERIN DERMOPUR FLUI MATX 50,4005900436962
100100000000081486,EUCERIN DERMOPUR CR FAC NX 40,4005900436979
924314,EUCERIN DERMOPUR GEL LIMPX200,4005900436986
100100000000045144,EUCERIN DERMOPUR EXFOL   X100,4005900436993
100100000000026754,EUCERIN VOL FILLER DIA PNX 50,4005900490452
100100000000026753,EUCERIN VOL FILLER NOCHE X 50,4005900490483
100100000000026755,EUCERIN VOL FILLER OJOS  X 15,4005900490490
100100000000098592,EUCERIN ANT/PIG CR FAC 30X50,4005900559500
100100000000098593,EUCERIN PIGMENT STOP NIGH50ML,4005900559517
100100000000114829,NIVEA BODY NUT P/EXT SECAX625,4005900581341
100100000000124112,EUCERIN HYAL FIL BOOS SERUMX8,4005900598684
100100000000102271,EUCERIN HYAL FILER+ELAST X 15,4005900650412
100100000000106256,EUCERIN HYAL FILER H/BOOSX 30,4005900656063
100100000000114284,EUCERIN HYAL FILER MASC AC/HI,4005900667014
100100000000000138,EUCERIN PH 5 CR        X 75ML,4005900714381
100100000000117844,EUCERIN HF+ELASTI CRE D FPS30,4005900728807
100100000000124472,EUCERIN BALSAMO CONTROL ATOP,4005900791047
100100000000124471,EUCERIN CR A/MANCHAS FP30X 75,4005900838841
100100000000128237,EUCERIN SOL 50 GEL TS CLAX 50,4005900839626
100100000000128238,EUCERIN SOL 50 GEL TS MEDX 50,4005900839633
100100000000143896,EUCERIN PIGMENT ULT/LI SERUM,4005900903273
100100000000143897,EUCERIN PIGMENT CR TONO FPS30,4005900914453
100100000000089019,BEURER HA50 AUDIFONO 100-6000,4211125641092
100100000000086064,{BEURER FM38 MASAJ/PIE SHIATS,4211125667924
100100000000107571,CITIZEN TENSIOM DIG MUÑ CH617,4580193650870
100100000000059532,CITIZEN TERMOMETRO CLINIC DIG,4580193651389
100100000000084719,CITIZEN TEN DIGITAL AUT ESTAN,4580193651433
100100000000084720,CITIZEN TEN DIGITAL AUT GDE,4580193651440
100100000000126069,{BOSTON ADV COND SOL     X120,47144050560
100100000000068313,SILFAB NEBU MINI MI/PERRITO,4715139610100
100100000000110637,PARODONTAX DENT COMP PRO X126,5054563054975
100100000000107665,BIU EXPRESS HYALURON GEL X 30,614143222092
100100000000107672,BIU EXPRESS CR REGENERAT X 50,614143222108
100100000000107675,BIU EXPRESS CR HUMECTANT X 50,614143222115
100100000000107663,BIU EXPRESS GEL LIMP ANT X200,614143222146
100100000000114965,BIU EXPRESS BRUMA TRIP/ACCION,614143222528
100100000000145098,POLICE BORN T/SHIN HIM EDT125,679602158114
100100000000145097,POLICE BORN T/SHIN HER EDP125,679602159128
100100000000130176,POLICE GOODVIBES F HIM EDT125,679602181211
100100000000130175,POLICE GOODVIBES F HER EDP125,679602186124
100100000000010901,PINO SILVESTRE EDT VAP   X125,679602211222
100100000000070479,ENSURE  VAINI PVO X 400G,6922244700697
100100000000122719,ENSURE  VAINI PVO X 800G,6922244700703
100100000000122720,ENSURE  VAINI PVO X1200G,6922244700710
100100000000070480,ENSURE  CHOCO PVO X 400G,6922244700727
100100000000084726,SILFAB TERMOMETRO BLUETOOTH,6942820471476
127120000000001668,NATURAL CANDY ALM&SEM X10,726367920217
127120000000001711,NATURAL CANDY GRA/GLUSTERS,726367920231
100100000000098591,EUCERIN PIGMENT STOP BOOS30ML,7319470066786
100100000000129752,NATURAL CANDY COCON/ORIG X100,732535898691
127120000000001667,NATURAL CANDY COCON/GRANBERRIE,732535898707
100100000000129135,NATURAL CANDY GRAN ALM/ARX100,732535898714
100100000000129136,NATURAL CANDY COCON/CHOC X100,732535898721
127120000000001710,NATURAL CANDY GRANOLA,732535898738
100100000000110735,NATURES BOUNTY VITAMI E  X120,74312017513
100100000000110727,NATURES BOUNTY CAL-MAG-ZIX100,74312042904
100100000000117144,NATURES BOUNTY L-LYSINE  X 60,74312060113
100100000000110728,NATURES BOUNTY FISH 1200 X 60,74312168871
100100000000110730,NATURES BOUNTY KRILL OIL X 30,74312512391
100100000000096379,PEDIALYTE SOL X 500 ML UVA,7501033961632
100100000000124109,EUCERIN AQUAPHOR REP SPR X150,7501054550037
100100000000124110,EUCERIN HYAL FIL PORE SERX 30,7501054550211
100100000000150932,DEKKIN AURIC VINCHA OR.GA R/G,7502236151875
100100000000150935,DEKKIN AURIC VINCHA OR.GA AZ,7502236151882
100100000000150934,DEKKIN AURIC VINCHA OR.GA R/V,7502236151899
100100000000150933,DEKKIN AURIC VINCHA OR.GA CEL,7502236152476
100100000000155896,DEKKIN CARG/PARED+CAB MIC BL,7502236153282
100100000000151483,DEKKIN AURIC TWS BLUETOOTH,7502236153343
100100000000143742,DEKKIN CARGADOR/AUTO     X 1,7502236154685
100100000000154886,DEKKIN CABL TIPO C CARG/SINCR,7503034665212
100100000000154888,DEKKIN CABL TRENZ/MULTIPUNTA,7503034665410
100100000000044585,ENFABEBE A.R.   LATA    X400G,7506205806506
923035,VICK VITAPYRENA FTE X5G X 5,7506309892801
100100000000112831,DERMO EXPERT REV HIALU SERUM,7509552843620
100100000000082716,NIDO FORTIGROW DESLACTOS X800,7613036277341
100100000000071846,NIDO PREESCOLAR 4 LATA X800,7613287764423
100100000000116116,SWISS ARMY STEEL M  EDTV X100,7630042400419
100100000000085736,EUCERIN HYAL MIST SPRAY  X150,7702003006913
100100000000116170,{ANTHELIOS 50 COMP 02 20% AG20,7790033283299
100100000000116053,ANTHELIOS 50 LEC X250 20%AG20,7790033283329
947924,BAGOVIT A EM AUTOBRONC X200G,7790375000042
663858,BAGOVIT A EMULS X 200 G,7790375000134
100100000000011583,BAGOVIT A EMULS X 120 G,7790375001292
100100000000010234,BAGOVIT A EMULS P/EXTRAX350G,7790375001308
100100000000041318,BAGOVIT SOLAR ACEI 15/7SPX200,7790375003449
100100000000013369,BAGOVIT SOLAR F20 EM SPR X200,7790375003456
100100000000073179,BAGOVIT A CUID COT.SEDA X200G,7790375004378
100100000000073180,BAGOVIT A CUID COT.SEDA X350G,7790375004385
664094,BAGOVIT A CLASS CR X 200 G,7790375245054
663854,BAGOVIT A LIGHT CR X 100 G,7790375245061
663856,BAGOVIT A CLASS CR X 100 G,7790375260941
921011,BAGOVIT A EMULS X 350 G DOSF,7790375267285
100100000000115564,BAGOVIT A EMUL REAFIRMA X200G,7790375267797
100100000000115565,BAGOVIT A EMUL REAFIRMA X350G,7790375267803
100100000000123452,BAGO+ACTIVAMENTE COMP X 30,7790375268183
100100000000104688,BAGOVIT FAC PRO BIO CC    X50,7790375268206
100100000000104685,BAGOVIT FAC PRO BIO NOCHE X50,7790375268213
100100000000104687,BAGOVIT FAC PRO BIO DIA   X55,7790375268220
100100000000108679,BAGOVIT FAC PRO LIFT SERUMX30,7790375268350
100100000000105474,BAGOVIT SOLAR AC BR F30SPX200,7790375268398
100100000000074605,{BAGOVIT SOLAR F30 FCARE EX200,7790375268411
100100000000074606,BAGOVIT SOLAR FC50 EMUL X200,7790375268428
100100000000074607,BAGOVIT SOLAR FC50 KIDS X200,7790375268435
100100000000104717,BAGOVIT FAC PRO BIO MICELX200,7790375268459
100100000000105470,BAGOVIT SOLAR F45 FAC COL X50,7790375268473
100100000000111912,BAGOVIT FAC PRO LIFT NOCHEX55,7790375268688
100100000000111913,BAGOVIT FAC PRO LFT DIA PSX55,7790375268695
100100000000123350,BAGO+ENERGIA     COMP X 30,7790375268725
664070,BAGOVIT A CLASS CR X  50 G,7790375268787
100100000000111910,BAGOVIT A LIGHT CR X  50 G,7790375268794
100100000000113882,BAGOVIT A MANOS Y UÑAS CR X50,7790375268824
100100000000115640,BAGOVIT SOLAR F30 SP CONTX170,7790375268831
100100000000115641,BAGOVIT SOLAR F40 SP CONTX170,7790375268848
100100000000112732,BAGOVIT FAC PRO ESTR DIA X 55,7790375268855
100100000000113267,BAGOVIT FAC PRO ESTR NOCHX 55,7790375268862
100100000000115639,BAGOVIT SOLAR F75 EMUL   X180,7790375268886
100100000000123451,BAGO+ACTIVAMENTE COMP X 15,7790375268916
100100000000120039,BAGOVIT A EMUL EF LUMI X200ML,7790375268954
100100000000131494,BAGOVIT A GEL CICATRIC.X 25ML,7790375269227
100100000000124591,BAGOVIT A EMULS SPR CONTX170,7790375269289
100100000000124596,BAGOVIT A EMULS E SP CONX170,7790375269296
100100000000129478,BAGOVIT A BRONC PROG SPY X150,7790375269302
100100000000125573,BAGOVIT A EMUL ABSORC. X170ML,7790375269319
100100000000128784,BAGOVIT A SERUM ANTIEST X75ML,7790375269326
100100000000139797,BAGOVIT FAC PRO LI EF OJOSX15,7790375269340
100100000000131495,BAGOVIT FAC PRO BIO X50 ML,7790375269357
100100000000130046,BAGOVIT SOLAR F50 SPR TRAX200,7790375269449
100100000000134173,BAGOVIT A CAP SH   BR.SUBX350,7790375269661
100100000000134176,BAGOVIT A CAP SH   COL RAX350,7790375269678
100100000000134177,BAGOVIT A CAP SH   NUTRI X350,7790375269685
100100000000134180,BAGOVIT A CAP SH   P.L   X350,7790375269692
100100000000134183,BAGOVIT A CAP SH   REP INX350,7790375269708
100100000000134175,BAGOVIT A CAP ACON BR SUBX350,7790375269715
100100000000134174,BAGOVIT A CAP ACON COL RAX350,7790375269722
100100000000134171,BAGOVIT A CAP ACON NUTRI X350,7790375269739
100100000000134179,BAGOVIT A CAP ACON P.L   X350,7790375269746
100100000000134182,BAGOVIT A CAP ACON REP INX350,7790375269753
100100000000134178,BAGOVIT A CAP TRAT NUTRI X300,7790375269760
100100000000134184,BAGOVIT A CAP TRAT REP INX300,7790375269777
100100000000134181,BAGOVIT CAP PL L Y S/FCRP 200,7790375269784
100100000000148244,BAGO+CALMA       COMP X 30,7790375269913
100100000000148239,BAGO+DESCANSO    COMP X 20,7790375270216
127120000000001807,TARAGUI TE MANZANILLA X 10 SOB,7790387000283
127120000000001798,TARAGUI TE BOLDO X 10 SOB,7790387000290
127120000000001797,TARAGUI TE TILO X 10 SOB,7790387000306
999113,LA MERCED YERBA CAM/MON X500G,7790387004977
127120000000001796,TARAGUI YERBA     X500G,7790387013146
127120000000001448,YERBA MAÑANITA X 500G,7790387015324
999112,LA MERCED YERBA CAMPO   X500G,7790387120356
127120000000001779,TARAGUI TERMO             X1U,7790387120370
127120000000001806,TARAGUI TE HIERBAS X 10 SOB,7790387712056
725766,ASPEN MANTA TERM CERV INTELLI,7790808033883
100100000000080577,ASPEN NEB ULTRA 405A MINI 12V,7790808035160
100100000000080576,ASPEN NEB ROTAT BRCN116 PISTO,7790808035177
666799,LEVADURA.VIRGEN CERV PVO X200,7790813130126
666798,LEVADURA.VIRGEN CERV PVO X500,7790813130133
666800,LEVADURA.VIRGEN QUESO PVOX200,7790813130140
666801,LEVADURA.VIRGEN MANZ PVO X200,7790813130164
714648,BIFERDIL MOUSSE ESPUMA AEX240,7791001000184
703447,BIFERDIL SH ANTIOXIDANTE X400,7791001001563
725360,BIFERDIL COLOR MASC RUBIO,7791001002751
725354,BIFERDIL COLOR MASC CAST OSCU,7791001002836
721744,BIFERDIL BALS BIFERMIX   X400,7791001003581
743316,BIFERDIL BALS ALOE VERA  X400,7791001003697
743380,BIFERDIL SH MANZ VERDE   X400,7791001004069
717353,BIFERDIL SH HIDRAT INT   X400,7791001004175
717352,BIFERDIL BALS HIDRAT INT X400,7791001004182
714661,BIFERDIL SH T/LIBR A/CLO X250,7791001004304
723108,BIFERDIL SH CERAMIDAS    X400,7791001004441
703676,BIFERDIL BALS CERAMIDAS  X400,7791001004465
733801,BIFERDIL SH ANTIQUIEBRE  X250,7791001005349
780409,BIFERDIL SH ULTRA BRILLO X255,7791001005820
953518,BIFERDIL SH 1053 SUP ESP X800,7791001007800
948818,BIFERDIL BALS ESPECI VIT X800,7791001007817
953516,BIFERDIL SH NUTRI VIT.E  X800,7791001007824
953517,BIFERDIL BALS NUTRI VITE X800,7791001007831
100100000000005339,BIFERDIL CR PEI TR/ALISA X155,7791001008852
100100000000060400,BIFERDIL BALS SELLADOR BIX400,7791001008975
100100000000014455,BIFERDIL BALS LIB GLUTEN X180,7791001009163
100100000000047631,BIFERDIL SH CAFEINA      X295,7791001009859
100100000000075831,BIFERDIL SH 1007 GEL     X800,7791001010442
100100000000093108,BIFERDIL SH CERV Y MIEL  X250,7791001010794
100100000000145895,BIFERDIL LOC BIOX FORTALEX100,7791001011579
100100000000144271,BIFERDIL PROTEC TERMIC ATO250,7791001011791
725481,TULIPAN PRE X CLASSIC   16X 3,7791014001369
710984,PRIME PRE ROJO TEXT  X12,7791519000096
710983,PRIME PRE BLAN ESPER X12,7791519000102
784626,ALLIANCE  EDT VAP       X 50,7791600015138
100100000000016561,CIEL CRISTAL EDT VAP     X 80,7791600024123
709318,COLBERT.ACQUA EDT C/VAP X100,7791600028015
100100000000040348,CIEL  EDP VAP           X 80,7791600030230
100100000000038798,CIEL D'ETE EDT VAP      X 50,7791600032029
730022,KEVIN  EDC              X170,7791600037567
100100000000102275,PRUNE ICON EDP VAP      X 70,7791600039011
904195,PAULA AMOR EDT VAP       X 60,7791600041830
904196,PAULA AMOR EDT VAP       X100,7791600041922
739519,PAULA  EDT VAP           X 60,7791600045340
739520,PAULA  EDT VAP           X100,7791600045418
100100000000004777,PRUNE   I EDP VAP       X 50,7791600049027
100100000000004778,PRUNE  II EDP VAP       X 50,7791600049133
100100000000004779,PRUNE III EDP VAP       X 50,7791600049249
100100000000025760,PRUNE  IV EDP VAP       X 50,7791600049690
100100000000004646,PAULA LUZ  EDT VAP       X 60,7791600059033
100100000000016691,CHESTER.ICE  EDT         X100,7791600060039
100100000000040356,CIEL NUIT EDP VAP       X 80,7791600064235
995366,CARO CUORE EDT VAP  X 60,7791600065256
709430,CRANDALL COL            X 95,7791600070069
100100000000130582,CARO CUORE AMORE EDTV X 90,7791600092535
100100000000140387,KEVIN ICE EDT C/VAP      X 60,7791600134020
100100000000140386,KEVIN ICE EDT C/VAP      X100,7791600134136
100100000000083943,CIEL NOIR  EDT VAP      X 50,7791600154035
100100000000083944,CIEL NOIR  EDT VAP      X 80,7791600154141
727038,KEVIN PARK EDT C/VAP    X 60,7791600164133
100100000000007982,PAULA FLORES ADC VAP     X170,7791600173630
100100000000106289,PALOMA HERRERA PASSION EDP100,7791600186050
100100000000106288,PALOMA HERRERA PASSION EDP 60,7791600186166
100100000000099372,COLBERT.CODE EDT VAP     X100,7791600187040
100100000000048305,KEVIN PLATINUM EDT VAP  X 50,7791600253325
100100000000036820,CIEL D'OR  EDT VAP      X 50,7791600266035
100100000000066752,PAULA LUNA EDT VAP       X100,7791600276133
100100000000115400,CIEL MAGIC EDP VAP      X 50,7791600295028
100100000000115401,CIEL MAGIC EDP VAP      X 80,7791600295134
100100000000134118,PAULA ALEGRIA EDT VAP    X 60,7791600311025
100100000000134119,PAULA ALEGRIA EDT VAP    X100,7791600311131
100100000000123710,LAS PEPAS MITO       EDP X100,7791600400125
100100000000123712,LAS PEPAS NINFA      EDP X100,7791600400675
100100000000063811,PRUNE  II EDP VAP       X 90,7791600496135
100100000000112012,KEVIN METAL EDT C/VAP   X100,7791600512149
948409,GINO BOGANI  EDT VAP     X 60,7791600521240
100100000000066745,BROSS LONDON CLASSIC EDT X100,7791600572037
100100000000066746,BROSS LONDON BLUE    EDT X100,7791600572143
100100000000123688,COLBERT.CODE BOLD EDT VAPX100,7791600582012
100100000000028246,KEVIN ABSOLUTE EDT VAP  X 60,7791600596248
100100000000028247,KEVIN ABSOLUTE EDT VAP  X100,7791600596354
100100000000134885,CIEL LOVE NESSESAIRE EDT60+DE,7791600619589
100100000000134901,CIEL (NEC EDT + DEO X123),7791600667030
100100000000134903,CIEL NOIR (NEC EDT+DEO X123),7791600667252
100100000000134888,CIEL CRYSTAL NESSESAIRE BOLSI,7791600667368
100100000000134890,CIEL MAGIC NESSESAIRE MAGIC,7791600667474
100100000000001659,COLBERT.SPACE EDT VAP    X 60,7791600742256
100100000000074599,GINO BOGANI TOUT NOIR EDPX 60,7791600841843
100100000000041856,PAULA ALMA EDT VAP       X 60,7791600843038
100100000000091973,AKIABARA BLACK NEROLI EDP 85,7791600985011
100100000000071057,CORONET OXIMETRO DE PUL POD-2,7791914001957
672535,MEGACISTIN COMP X 60,7791984000010
726856,SNELLA VAG GEL X 60 G,7791984000065
100100000000001475,MERTHIOLATE FILM AER X30G,7791984000294
100100000000029279,MEGACISTIN SH CAIDA CAB X 200,7791984000331
673468,102 PLUS COMP X 30,7791984000485
678788,102 PLUS COMP X 60,7791984000492
873583,102 PLUS COMP X 90,7791984000508
707160,102 PLUS EFER SOB X 15,7791984000515
100100000000049456,MEGACISTIN MAX LOC X 120,7791984000713
100100000000049455,MEGACISTIN MAX COMP X 30,7791984000720
100100000000071819,VITENE ANTIAGE COMP X 30,7791984000874
100100000000071820,VITENE CELLULI CAPS X 30,7791984000881
100100000000124037,VITENE ANTIAGE+40  CAPS X 30,7791984000959
100100000000136900,CURFLEX PLUS COMP X 30,7791984001055
100100000000144818,METABOLIC MAX CAPS X 60,7791984001079
100100000000144918,MEGACISTIN BLOCKER CAPS X 30,7791984001086
100100000000096692,102 MUJER CAPS X 30,7791984999536
1012472,METABOLIC CLA CAPS BLANDASX28,7791984999918
1012471,METABOLIC CLA CAPS BLANDASX60,7791984999925
100100000000046017,NUTRIFARMA COLAGENO COMP X 30,7791984999949
100100000000014721,OMEGA 3 NUTRIFARMA CAPS X 30,7791984999956
100100000000058380,CURFLEX COMP X 30,7791984999994
664507,PLAC OUT NF COLU X  200 CC,7792175001090
664508,PLAC OUT NF COLU X  500 CC,7792175001151
100100000000084116,PERPIEL EMUL X400ML,7792175009683
100100000000093188,PERPIEL AI EMUL S/FRAG X400G,7792175009799
100100000000153562,PERPIEL AG MICELAR BIF X200ML,7792175010207
100100000000153563,PERPIEL JAB LIMP FACIALX200ML,7792175010221
100100000000153561,PERPIEL AG MICELAR     X200ML,7792175010238
100100000000136251,PERPIEL FACIAL ANTIAGE EMX80,7792175010276
127120000000002065,PERPIEL AG+MONO+JABFAC COMBO,7792175010320
100100000000149458,PERPIEL FAC +EM CO HI+CEP MAS,7792175010467
100100000000150457,PERPIEL AE EFECT REJ EMX400G,7792175010481
127120000000002061,NUGATON LECHE PACK X 24 UN,7792360072454
100100000000113320,ENA PLANT PROTEIN       X375G,7792981000102
954061,ENA PROTEIN BAR FRUT CR X16UN,7792981001031
954063,ENA PROTEIN BAR LEM PIE X16UN,7792981001048
100100000000088957,ENA PROTEIN BAR CHOCOL BX16UN,7792981001185
100100000000146148,ENA PROTEIN BAR COCO+DDLX16UN,7792981001208
100100000000068238,ENA CARBO ENERGY       X 540G,7792981002199
1000272,ENA HYDROXY MAX TABS X 120,7792981003417
675852,ENA BCAA 2:1:1  X 90 CAPS,7792981003516
869689,ENA OXIDO NITRICO ENV  X 150G,7792981003523
675851,ENA AMINO 4500 TABS    X 150,7792981004506
100100000000058202,ENA BETA ATTACK TAB    X  60,7792981005015
100100000000066203,ENA ENTRENAM PRE  WAR    X400,7792981005039
100100000000066205,ENA ENTRENAM POST RELOAD X220,7792981005046
100100000000079935,ENA PRE WAR LEMONADE   X 400G,7792981005084
675863,ENA CREATINA MONO ENV  X 300G,7792981010026
100100000000066206,ENA CREATINA MICR FRUI X 300G,7792981010071
741408,ENA GLUTAMINA PVO      X 150G,7792981058011
994441,ENA WHEY PR TRUE VAINI X1000G,7792981060021
890114,ENA WHEY X PRO VAINIL  X1000G,7792981060052
100100000000035497,ENA WHEY PR TRUE CHOCO X1000G,7792981062018
100100000000053825,ENA WHEY PR TRUE COOKI X1000G,7792981062025
100100000000059432,ENA WHEY PR TRUE STRAW X1000G,7792981062032
100100000000079934,ENA WHEY PROTEIN BANAN X1000G,7792981062049
100100000000055752,ENA WHEY PROTEIN VAINI X 453G,7792981063008
100100000000055749,ENA WHEY PROTEIN CHOCO X 453G,7792981063015
100100000000055751,ENA WHEY PROTEIN COOKI X 453G,7792981063022
100100000000142235,ENA COLAGENO SPORT     X 407G,7792981067006
127120000000001776,KELLOGG'S FROOTLOOPS X175G,7793306993512
127120000000001777,KELLOGG'S FROOTLOOPS X300G,7793306993529
100100000000115992,VERTIENTE HOME SENSUAL   X240,7793487064919
100100000000115994,VERTIENTE HOME SECRETOS  X240,7793487064933
100100000000145918,VERTIENTE EST CORAZ ROSEWATER,7793487817133
100100000000145920,VERTIENTE EST CORAZ F/ROJOS,7793487817157
100100000000045892,HIPOGLOS CUID DIARIO PDA X30G,7793742002014
786555,DERMAGLOS SOLAR F30 BARRAX 14,7793742002670
100100000000088739,DERMAGLOS SOLAR F30 LABIAX3.4,7793742002687
100100000000011167,DERMAGLOS F HID F20 PN EMX 70,7793742002922
100100000000125996,HIPOGLOS CUID DIARIO CR  X30G,7793742002984
100100000000125995,HIPOGLOS CUID DIARIO CR  X90G,7793742002991
663257,DERMAGLOS SOLAR POST GEL X150,7793742003233
663256,DERMAGLOS SOLAR F65 CR   X 90,7793742003264
100100000000015385,DERMAGLOS SOLAR F50 EMUL X250,7793742003431
100100000000028265,DERMAGLOS SOLAR F30SP INVX180,7793742003448
681410,DERMAGLOS SOLAR F15 EMUL X250,7793742003486
681411,DERMAGLOS SOLAR F20 EMUL X250,7793742003493
681412,DERMAGLOS SOLAR F30 EMUL X250,7793742003509
681413,DERMAGLOS SOLAR F40 EMUL X250,7793742003516
100100000000028266,DERMAGLOS SOLAR F40 SPRAYX170,7793742003554
100100000000064274,DERMAGLOS SOLAR F30 SPRAYX170,7793742003592
100100000000096690,DERMAGLOS SOLAR F65 EMUL X 50,7793742003660
100100000000028367,DERMAGLOS SOLAR F80 CR   X 90,7793742003707
100100000000075498,DERMAGLOS SOLAR F50 NI SPX170,7793742003738
100100000000065894,DERMAGLOS SOLAR F50 BEBESX180,7793742003752
100100000000075494,DERMAGLOS SOLAR F50 SPRAYX170,7793742003776
100100000000088741,DERMAGLOS SOLAR F50 NI EMX180,7793742003790
100100000000053398,DERMAGLOS SOLAR F40 EF/SEX180,7793742003806
100100000000088742,DERMAGLOS SOLAR F30 EF.SEX180,7793742003813
100100000000075495,DERMAGLOS SOLAR POST GEL X300,7793742003967
100100000000078463,DERMAGLOS SOLAR POST EMULX300,7793742003974
671737,BUSHI CR CALENDULA POMO X 50G,7793742004018
672025,BUSHI CR CALENDULA POMO X100G,7793742004100
705525,BUSHI PEZONERA SILICONADA X2,7793742004308
670654,AVENO GEL LIMP  X 250 GR,7793742004346
670652,AVENO ACOND CAP X 250 ML,7793742004353
670651,AVENO SHAMP     X 250 ML,7793742004360
670653,AVENO EMULS     X 250 ML,7793742004377
670650,AVENO JAB       X 120 G,7793742004384
100100000000090416,AVENO EMULS     X 400 ML,7793742004391
703017,BUSHI ESCUDOS FORMA PEZON X2,7793742004506
100100000000055377,DERMAGLOS SOLAR F50 EMUL X 50,7793742004513
100100000000104235,DERMAGLOS SOLAR F50 CLAROX 50,7793742004520
100100000000115882,DERMAGLOS SOLAR F50 MEDIOX 50,7793742004568
100100000000115881,DERMAGLOS SOLAR F40 EMUL X120,7793742004575
100100000000129492,DERMAGLOS SOLAR POST GEL X 50,7793742004643
100100000000129489,DERMAGLOS SOLAR F65 BEBE X120,7793742004650
100100000000141257,DERMAGLOS SOLAR F50 S/COLX 50,7793742004759
100100000000119579,DERMAGLOS F DEMAQ OJ LOC X100,7793742005022
706946,DERMAGLOS F LECHE LIMP   X200,7793742005039
706945,DERMAGLOS F TONICO HID   X200,7793742005046
100100000000062777,AVENO INF SH    X 250 ML,7793742005428
100100000000062776,AVENO INF ACOND X 250 ML,7793742005442
100100000000121748,AVENO INF GEL BAÑO X 250 GR,7793742005466
100100000000153437,AVENO PIEL NORM/SENS CR X 50G,7793742005534
100100000000153436,AVENO PIEL SECA/SENS CR X 50G,7793742005541
100100000000140086,DERMAGLOS F SERUM AH     X 30,7793742007118
100100000000059415,DERMAGLOS F ROJECES EMUL X 50,7793742007309
100100000000148477,DERMAGLOS C AUTOBRONC X 150GR,7793742007316
100100000000028149,DERMAGLOS C HID INMED CR X175,7793742007330
100100000000127938,DERMAGLOS C HID + PROT 20X150,7793742007361
100100000000108667,DERMAGLOS C HID INMEDIA  X300,7793742007378
100100000000129485,DERMAGLOS F AGUA MICELAR X200,7793742007415
100100000000125146,DERMAGLOS F ULT CC CR MEDX 50,7793742007422
100100000000148476,DERMAGLOS F AGUA MICELAR X400,7793742007439
100100000000071161,DERMAGLOS F ULT CONT +30 X 15,7793742007507
100100000000071162,DERMAGLOS F ULT CONT +50 X 15,7793742007521
100100000000071163,DERMAGLOS F ULT DIA  +30 X 50,7793742007545
100100000000071164,DERMAGLOS F ULT DIA  +50 X 50,7793742007552
663262,DERMAGLOS C HID PROF EM  X300,7793742007569
685055,DERMAGLOS F NUT PN CR    X 70,7793742007576
923100,DERMAGLOS F LIMP PMG GEL X150,7793742007583
100100000000015381,DERMAGLOS F CONT OJOS CR X 15,7793742007613
100100000000035102,DERMAGLOS F MAT PMG F30 CX 50,7793742007620
1014089,DERMAGLOS F HID PS CR    X 70,7793742007637
1014719,DERMAGLOS F NUT PS CR    X 50,7793742007644
100100000000132175,DERMAGLOS C HID INMED SPRX175,7793742007668
100100000000094043,DERMAGLOS C REGENE INT EMX300,7793742007675
100100000000094042,DERMAGLOS C REGENE INT CRX100,7793742007682
100100000000071166,DERMAGLOS F ULT NOCH +30 X 50,7793742007705
100100000000094040,DERMAGLOS C HID PROF CR  X100,7793742007767
100100000000094041,DERMAGLOS C HID PROF CR  X200,7793742007774
663264,DERMAGLOS F HID F12 PN CRX 50,7793742007897
663265,DERMAGLOS F HID F12 PN EMX 75,7793742007903
923589,DERMAGLOS C M Y U CR     X120,7793742007927
100100000000125144,DERMAGLOS F BB CREAM CLARX50G,7793742007958
100100000000125145,DERMAGLOS F BB CREAM MEDIX50G,7793742007965
100100000000108666,DERMAGLOS PIEL DEL DIABETX300,7793742007972
100100000000119578,DERMAGLOS PIEL DEL DIABETX100,7793742007996
100100000000144611,DERMAGLOS F ULT FIR NOCH CR50,7793742008542
100100000000144614,DERMAGLOS F ULT VOL DIA  CR50,7793742008566
100100000000144615,DERMAGLOS F ULT VOL NOCH CR50,7793742008573
100100000000144617,DERMAGLOS F ULT EST NOCH CR50,7793742008597
100100000000089188,DERMAGLOS SOLAR F50 EMUL X380,7793742023439
100100000000055648,DERMAGLOS SOLAR F30 EMUL X380,7793742032615
100100000000075496,DERMAGLOS SOLAR F40 EMUL X380,7793742043512
100100000000144608,DERMAGLOS F ULT HIDRAT.GEL 50,7793742108518
100100000000144616,DERMAGLOS F ULT EST DIA  CR50,7793742108587
100100000000144607,DERMAGLOS F ULT HI CONT GEL15,7793742208508
100100000000144610,DERMAGLOS F ULT FIR CONT CR15,7793742208522
100100000000144612,DERMAGLOS F ULT FIR DIA  CR50,7793742208539
711407,BABELITO 14161 TET SIL      1,7793970141615
100100000000041367,MIDERMUS CELULIT CONT X 400ML,7794207000798
100100000000078046,MIDERMUS CR DE ORDEÑE  X 70GR,7794207084101
1019873,I.U 400 COMP X 30,7794428000010
1019874,I.U 400 COMP X 60,7794428000027
1019872,I.U 800 COMP X 30,7794428000058
684623,CISTIMAX GEL UNGUEAL  X 5ML,7794428010149
684166,I.U 400 CAPS X 30,7794428010903
684243,I.U 400 CAPS X 60,7794428010910
100100000000096437,ALOEBEL CORP EMUL X 200 ML,7794428011368
928733,SOLENIL  65       CR X 150,7794428011863
928732,SOLENIL 100 PLUS  CR X 150,7794428011870
100100000000024106,BIOQUERATIN COMP X 60,7794428012105
100100000000089622,SOLENIL +60 FAC       CR X50G,7794428300189
100100000000089623,SOLENIL +30 FAC COLOR CR X50G,7794428300196
100100000000093267,ALOEBEL UREA 10% EMUL X 200G,7794428312458
100100000000093180,ALOEBEL RETINOL ACEI SUAV X15,7794428312489
100100000000011166,SENSODYNE DENT REP/PROTE X100,7794640170133
100100000000013414,PARODONTAX BLANQ CR DENT X116,7794640170386
100100000000026081,SENSODYNE DENT R/PR BLANQX100,7794640170720
100100000000034051,SENSODYNE DENT COMPL PROTX100,7794640170799
100100000000049431,SENSODYNE DENT RAP ALIVI X100,7794640171550
100100000000055350,ULTRA COREGA CR S/SABOR  X70G,7794640171758
100100000000059858,ULTRA COREGA CR MENTA    X70G,7794640171765
100100000000046770,PARODONTAX CEP,7794640171772
100100000000086951,SENSODYNE DENT PROESM JUNX100,7794640172410
100100000000096948,SENSODYNE DENT R/AL BLANQX100,7794640172472
100100000000123347,ULTRA COREGA MAX SELL S/SX70G,7794640172731
100100000000133653,CENTRUM BASE  COMP X 30,7794640172793
100100000000133563,CENTRUM BASE  COMP X 60,7794640172809
100100000000133564,CENTRUM HOMBRE  COMP X 30,7794640172816
100100000000133565,CENTRUM HOMBRE  COMP X 60,7794640172823
100100000000133566,CENTRUM MUJER  COMP X 30,7794640172830
100100000000133567,CENTRUM MUJER  COMP X 60,7794640172847
100100000000137098,CENTRUM SILVER COMP X30,7794640172854
100100000000137099,CENTRUM SILVER COMP REC X60,7794640172861
100100000000137166,CENTRUM SILVER HOMBRE CM X60,7794640172878
100100000000137167,CENTRUM SILVER MUJER  CM X60,7794640172885
100100000000139728,HINDS CR ROSA PLUS      X250,7794640173073
100100000000145958,HINDS CR BIO HIDRAT      X250,7794640173189
100100000000150441,COREGA TAB PRO ORTODON X30TA,7794640173219
100100000000154131,COREGA MAXIMA FIJ/FRESC  X 40,7794640173233
100100000000154130,COREGA MAXIMA FIJ/FRESC  X 70,7794640173240
100100000000000869,SENSODYNE DENT PROESM BLAX113,7794640662553
100100000000111695,PHARMATON 50+OMEGA3 CAPS X 30,7795312108928
940145,NUTRILON HA        LATA X400G,7795323000273
100100000000005167,NUTRILON A.R.      LATA X800G,7795323001027
100100000000005355,NUTRILON PREMATU 2 LATA X400G,7795323001973
100100000000043506,NUTRILON PROFU 1 LATA  X400GR,7795323002413
100100000000043505,NUTRILON PROFU 1 LATA  X800GR,7795323002420
100100000000043507,NUTRILON PROFU 2 LATA  X800GR,7795323002437
100100000000043516,NUTRILON PROFU 3 LATA  X800GR,7795323002444
100100000000049267,NUTRILON PROFU 4 LATA  X800GR,7795323002451
100100000000043514,NUTRILON PROFU 3 BRIK  1000ML,7795323002505
100100000000043519,NUTRILON PROFU 4 BRIK  1000ML,7795323002512
100100000000051434,VITAL 3 NF PACK X  6U X1000ML,7795323002796
100100000000056419,VITAL AR LATA (NF)    X 400GR,7795323002925
100100000000066003,NUTRILON S/LACTOSA LCP X800G,7795323003359
100100000000075603,NUTRILON A.R.2     LATA X800G,7795323003434
100100000000005168,NUTRILON S/LACTOSA LCP X400G,7795323772798
705131,NUTRILON A.R.      LATA X400G,7795323772804
100100000000092776,NUTRILON S/LACTOSA (NF)X350G,7795323773672
100100000000115024,NUTRILON PROFU 2 POCH  X1.2KG,7795323773818
100100000000115005,NUTRILON PROFU 4 POCH  X1.2KG,7795323773856
100100000000115007,NUTRILON PROFU 1 POCH  X1.2KG,7795323773894
100100000000115006,NUTRILON PROFU 3 POCH  X1.2KG,7795323773900
100100000000115526,NUTRILON REDUCI LACTOSA X400G,7795323773924
100100000000124051,VITAL FIBRA PLUS LATA X 775 G,7795323774464
100100000000125464,NUTRILON 4 S/VAIN   LATAX350G,7795323774488
100100000000125463,NUTRILON 4 S/BANANA LATAX350G,7795323774495
100100000000043509,NUTRILON PROFU 2 BRIK  X200ML,7795323774570
100100000000043513,NUTRILON PROFU 3 BRIK  X200ML,7795323774587
100100000000141552,NUTRILON PROFU 1 BRIK24X200ML,7795323774693
100100000000141553,NUTRILON PROFU 2 BRIK24X200ML,7795323774709
100100000000141554,NUTRILON PROFU 3 BRIK24X200ML,7795323774716
100100000000141555,NUTRILON PROFU 4 BRIK24X200ML,7795323774723
100100000000141556,VITAL 1 NF BRIK X 24  X 200ML,7795323774730
100100000000141557,VITAL 2 NF BRIK X 24 X 200 ML,7795323774747
100100000000141558,VITAL 3 NF BRIK X 24  X 200ML,7795323774754
100100000000040525,VITAL 1 NF LATA       X 800GR,7795323774839
100100000000040529,VITAL 2 NF LATA       X 800GR,7795323774846
100100000000040534,VITAL 3 NF LATA       X 800GR,7795323774853
100100000000069309,VITAL 4 NF LATA       X 800GR,7795323774860
100100000000070240,AUCIC CAPS X 30,7795368002935
684604,NEWCLAR GTS OFT X 10 ML,7795368547368
100100000000081345,DIARIS OMEGA CAPS X 30,7795368547375
100100000000096940,DIAR CAPS BLANDAS X 30,7795368547412
970001,FALIC EXCITACION GEL INT X22G,7795371000423
100100000000033974,ARTROSIL ROLL-ON X 90 G,7795371000980
100100000000043501,ESTETIC CLA CAPS BLANDAS X30,7795371001000
875959,FALIC GEL POM X50 G,7795371459245
100100000000075502,ULTRAFLEX LATA X 300 G,7795371459443
100100000000104735,ULTRAFLEX MAGNESIO LATA X 420,7795371459504
100100000000117269,BLUE-VIT B12 CM MAST ANANAX20,7795371459559
100100000000130258,ULTRAFLEX HMB 3000 LATA X420G,7795371459603
100100000000118019,MARCHAND DAR BOD LOC VER&LIM,7795513226711
100100000000118020,MARCHAND DAR BOD LOC CAS&ALM,7795513226728
100100000000120112,MARCHAND DAR EDP MGILLES X110,7795513227008
100100000000124788,MARCHAND DAR DIF  VERB/LIMON,7795513227275
100100000000124790,MARCHAND DAR DIF  JAZM/SANDAL,7795513227282
100100000000124789,MARCHAND DAR DIF  BERG/ORQUID,7795513227299
100100000000125595,MARCHAND DAR EDP REVOLU  X120,7795513227350
100100000000142162,LAIMA AGUA ROSAS AC.H/A.VERA,7795513239957
100100000000142163,LAIMA AGUA LAVAND AC.H/MANZAN,7795513239971
100100000000146530,MARCHAND DAR CR PIES BERG&ORQ,7795513247075
100100000000146091,MARCHAND DAR DUO CR MAG/UVA,7795513247303
100100000000146093,MARCHAND DAR DUO CR LAV/TOMIL,7795513247310
100100000000146092,MARCHAND DAR DUO CR JAZ/CANEL,7795513247327
100100000000150148,MARCHAND LIBERTE CHERIE EDP,7795513247341
100100000000156153,MARCHAND AR EDP HOMME,7795513247839
100100000000141144,MARCHAND DAR CR MAN BERG&ORQU,7795513247884
100100000000141146,MARCHAND DAR BOD LOC BER&ORQ,7795513247891
100100000000025759,EVATEST CLASSIC TEST X 1,7796285273941
100100000000128246,INFILTREX   COMP X 30,7796285277093
100100000000129813,EVATEST EASY PLUS TEST X 1,7796285286828
100100000000136974,EVAGINA  GEL POMO X 50 ML,7796285289331
100100000000150327,EVAGINA ESPUMA X 240 ML,7796285289348
100100000000150336,INFILTREX PVO P/RECONST.X300G,7796285290023
100100000000064711,SATIAL CARB CONTROL COMP X 60,7798008190771
100100000000114962,SERRAPEP CAPS GASTRORRES X 30,7798008190979
100100000000120873,SATIAL FOOD MONOCAPS X 12,7798008191044
709236,SILFAB VAPORIZADOR  X 3 L,7798028880041
703687,SILFAB ORINAL MASCULINO,7798028880065
709233,SILFAB ORINAL FEMENINO,7798028880072
709232,SILFAB CHATA PLASTICA,7798028880096
978154,SILFAB ANDADOR D/ALM FIJ Y MO,7798028880256
709231,SILFAB NEBU A PISTON RESPIRAR,7798028880294
978196,SILFAB SILLA D/RUEDAS AN 46CM,7798028880324
978199,SILFAB SILLA D/RUEDAS CR 46CM,7798028880348
978132,SILFAB NEBU A PISTON PIU VENT,7798028880386
709242,SILFAB TEN ANEROIDE C/EST,7798028880768
709225,SILFAB ALMTE 2 TEMP SMALL,7798028880836
709226,SILFAB ALMTE 2 TEMP LARGE,7798028880843
709227,SILFAB ALMTE 2 TEMP CERVI,7798028880867
710351,SILFAB NEBU ULTRA SF 2010,7798028880911
904663,SILFAB NEBU A PISTON NEO VENT,7798028881697
999009,SILFAB BALANZA MECANICA BM100,7798028881895
100100000000026041,SILFAB NEBU ULTRA SF POTENZA,7798028882168
100100000000054492,SILFAB MANTA 1 PZA POLI 3 TEM,7798028882649
100100000000054494,SILFAB MANTA 2 PZA POLI 3 TEM,7798028882656
100100000000059531,SILFAB NEBU A PISTON PIXEL,7798028882687
100100000000068327,SILFAB BALANZA ELECT BC304,7798028882922
100100000000068324,SILFAB BALANZA ELECT BE211,7798028883073
100100000000068346,SILFAB FRAZADA TERMICA GRIS,7798028883127
100100000000068344,SILFAB FRAZADA TERMICA BEIGE,7798028883134
100100000000113593,SILFAB BALANZA ELECT BE212,7798028883400
100100000000101696,SILFAB BY503 SECADOR VIAJE,7798028883479
100100000000101693,SILFAB BY5205 SECADOR HEAT EX,7798028883486
100100000000101691,SILFAB BY527 SECADOR CURVE,7798028883493
100100000000101694,SILFAB BY550 SECADOR ION EXPE,7798028883509
100100000000101692,SILFAB BY578 SECADOR DUAL EXP,7798028883516
100100000000101690,SILFAB BY612 PLANCHA HUM/SECO,7798028883523
100100000000101695,SILFAB PLANCHA PELO ANGOSTA,7798028883530
100100000000125331,SILFAB NEBU ULTRA NUOVO N60,7798028883769
100100000000114044,SILFAB OXIM PULSO DE DEDO,7798028883783
100100000000119704,SILFAB NEBU MESH VPM3,7798028883837
100100000000119706,SILFAB COLCHON ANTIESCARAS,7798028883899
100100000000121118,SILFAB GEL F/C MULTIPROPOS  S,7798028883943
100100000000121117,SILFAB GEL F/C MULTIPROPOS  L,7798028883950
100100000000121114,SILFAB GEL F/C TOBILLO,7798028883967
100100000000121113,SILFAB GEL F/C RODILLA CODO,7798028883974
100100000000121982,SILFAB MASC ARC FAC  E100C1,7798028883981
100100000000121981,SILFAB MASC ARC OJOS E040C2,7798028883998
100100000000121115,SILFAB GEL F/C INF MULTIUSO,7798028884001
100100000000121116,SILFAB GEL F/C INF MULT DINOS,7798028884018
100100000000125332,SILFAB NEBU ULTRA NUOVO P N61,7798028884131
100100000000124485,SILFAB ALMTE SMALL,7798028884216
100100000000124484,SILFAB ALMTE LARGE,7798028884223
100100000000125333,SILFAB ALMTE CERVICAL,7798028884230
100100000000125334,SILFAB ALMTE CINTURA DESMONTA,7798028884247
100100000000128730,SILFAB ONDULAD PELO CURL EXPE,7798028884292
100100000000139941,SILFAB SEC PELO TURBO 360,7798028884391
100100000000139942,SILFAB SEC PELO MINI WHITE DU,7798028884407
100100000000139943,SILFAB PLANCHA PELO BIFUNCT,7798028884414
100100000000139944,SILFAB PLANCHA PELO ANTIFRIZZ,7798028884421
100100000000139930,SILFAB VAPORIZADOR V12,7798028884469
100100000000139929,SILFAB NEBU MESH VPM7 M/LIBR,7798028884506
712970,BUCAL BOX CLASS SURTIDO X  1,7798034740032
703661,BUCAL TAC PERIO STICKS PALX30,7798034740537
100100000000025841,BUCAL TAC CEP CLASSIC 3,7798034743118
787550,BUCAL TAC CEP CLASSIC 4,7798034744146
100100000000122717,BUCAL TAC CEP DENT ADULTOS,7798034748557
100100000000122718,BUCAL TAC CEP DENT ORTODONCIA,7798034748564
712975,MINAMINT DES BUC SPEARM SPRAY,7798034749240
730278,MINAMINT DES BUC FRESHM SPRAY,7798034749257
874234,VALCATIL MAX  CAPS X 30,7798051851575
919942,VALCATIL MAX  CAPS X 60,7798051851698
995834,VALCATIL MAX  CAPS X 90,7798051851933
100100000000025850,VALCATIL MAX  CAPS X120,7798051852220
703595,AVENE AGUA TERMAL        X 50,7798095410226
708822,AVENE AGUA TERMAL        X150,7798095410233
708823,AVENE AGUA TERMAL        X300,7798095410240
719604,AVENE HYDRANCE  RICHE X 40,7798095410417
890554,AVENE APAISANTE CONT OJO X 10,7798095413845
943161,AVENE CLEANANCE MASQUE   X 40,7798095414729
100100000000002417,AVENE SOL BCA COMPACTO DORE,7798095415214
100100000000002396,AVENE SOL 50 SPRAY X 200,7798095415238
100100000000002447,AVENE SOL 50 LECHE X100,7798095415290
100100000000002444,AVENE SOL POST REPARADOR X200,7798095415306
100100000000002448,AVENE SOL AUTOBRONCEANTE X100,7798095415313
100100000000002411,AVENE SOL 50 STICK SENSIBLEX8,7798095415320
100100000000002449,AVENE SOL 50 SPRAY NIÑOS X200,7798095415337
100100000000013477,AVENE SOL POST REPARADOR X400,7798095415764
100100000000013473,AVENE SOL 50 REFLEX SOLAR X30,7798095415771
100100000000016820,AVENE LOC MICELAR        X200,7798095415801
100100000000058935,AVENE CLEANANCE PAN      X100,7798095417911
100100000000058433,AVENE CLEANANCE LOC MICELX400,7798095417942
100100000000066159,AVENE PHYSIOLIFT CR      X 30,7798095418383
100100000000066158,AVENE PHYSIOLIFT CR NOC  X 30,7798095418390
100100000000066154,AVENE PHYSIOLIFT CONT/OJ X 15,7798095418413
100100000000075408,AVENE SOL 50 LECHE NIñOS X250,7798095418970
100100000000075407,AVENE SOL 50 CR ANTI AGE X 50,7798095418987
100100000000075476,AVENE SOL 50 FLUIDO MIN  X 40,7798095418994
100100000000075406,AVENE DEMAQUILLANTE 3 EN 1,7798095419007
100100000000087234,AVENE PHYSIOLIFT SERUM   X 30,7798095419908
100100000000090616,AVENE SOL 30 AQUA FLUI TSX 50,7798095419991
100100000000144183,VALDEZ LILA/NARCISO EDT X100,7798102150671
100100000000144188,VALDEZ NARANJ/VAINI EDT X100,7798102150701
100100000000079903,CAVIAHUE ESPU LIMP FAC X150ML,7798120265562
100100000000100866,CAVIAHUE ESPU LIMP HOM X150ML,7798120265777
100100000000100865,CAVIAHUE CR EXF HOMBRE X100G,7798120265814
100100000000111317,VIASEK ESPUMA PH 3.5 AERX75ML,7798122341417
100100000000111318,VIASEK ESPUMA PH 6.8 AERX75ML,7798122341424
100100000000122259,VIASEK GEL VAG SOBRE 2ML X 12,7798122341547
100100000000124174,VIASEK TOALLITAS SOB X 16,7798122341561
100100000000131368,VIASEK REPAIR GEL X 30ML,7798122341578
100100000000141971,VIASEK GEL VAG FCO X 100 ML,7798122341646
100100000000152661,VIASEK TEENS ESPUMA FCO X250,7798122341653
100100000000154299,VIASEK MEN CUID.INT. FCOX75ML,7798122341691
100100000000087078,CHER EDP DIECISIETE      X100,7798127370887
100100000000089877,CHER EDP DIECIOCHO       X 50,7798127370900
100100000000089878,CHER EDP DIECIOCHO       X100,7798127370924
100100000000028773,MULTI-O PLEASURE  GEL X 20G,7798140250289
100100000000021027,BUCAL TAC CERA ORTODO S/SBX6,7798158482474
100100000000038296,BUCAL TAC SWEET CARE FRUTILLA,7798158482788
100100000000038297,BUCAL TAC SWEET CARE TUTTI-FR,7798158482795
100100000000142522,BUCAL TAC HILO DENT C/C FINO,7798158489589
100100000000142521,BUCAL TAC HILO DENT S/C FINO,7798158489596
100100000000021860,ECOHAIR LOC CRECIM X 125ML,7798173570019
100100000000028331,ECOHAIR SH ANTICAIDA X200ML,7798173570026
100100000000028332,ECOHAIR SH ANTICASPA X200ML,7798173570033
100100000000064200,ECOHAIR PESTAÑAS GEL X 5 ML,7798173570088
100100000000073166,ECOHAIR REP CAPI ACOND X200ML,7798173570101
100100000000131445,ECOHAIR CEJAS GEL X  5 ML,7798173570132
100100000000054052,SANCOR BEBE 1 NC 30U PACX 200,7798176000650
100100000000054055,SANCOR BEBE 1 NC 12U PACX 500,7798176000667
100100000000054057,SANCOR BEBE 2 NC 30U PACX 200,7798176000674
100100000000054060,SANCOR BEBE 2 NC 12U PACX 500,7798176000681
100100000000144931,SANCOR BEBE 1 ADV.LATA X 800G,7798176000759
100100000000144936,SANCOR BEBE 2 ADV.LATA X 800G,7798176000766
100100000000144927,SANCOR BEBE 1 ADV.BRIK 200X30,7798176000780
100100000000144932,SANCOR BEBE 2 ADV.BRIK 200X30,7798176000797
100100000000144923,SANCOR BEBE 3 ADV.BRIK 200X30,7798176001220
100100000000144929,SANCOR BEBE 1 ADV.BRIK 500X12,7798176001237
100100000000144934,SANCOR BEBE 2 ADV.BRIK 500X12,7798176001244
100100000000029071,SANCOR BEBE 3 NUT.COMPX1000ML,7798176009639
100100000000051820,SANCOR BEBE 1 NUT.COMP X500ML,7798176009677
100100000000051821,SANCOR BEBE 2 NUT.COMP X500ML,7798176009691
100100000000029072,SANCOR BEBE 1 NUT.COMP X800 G,7798176009752
100100000000029068,SANCOR BEBE 2 NUT.COMP X800 G,7798176009776
100100000000029069,SANCOR BEBE 3 NUT.COMP X800 G,7798176009790
100100000000055020,{ENFABEBE 1       ESTU X 800G,7798176009851
100100000000054081,SANCOR BEBE 3 NC 30U PACX 200,7798176009875
100100000000038554,SANCOR BEBE 3 NUT.C BR1000X12,7798176009882
100100000000116613,NUTRIBABY 2 LATA   X 800 G,7798181640674
100100000000055316,ARLYT PREMIUM X120ML,7798195030010
100100000000055318,ARLYT PREMIUM X360ML,7798195030027
100100000000055312,ARLYT EXPRESS X120ML,7798195030034
100100000000055314,ARLYT EXPRESS X360ML,7798195030041
100100000000055319,ARLYT CLEAN LENTE RPG  X120ML,7798195030058
100100000000055320,ARLYT FRESH ENV X 15ML,7798195030065
100100000000055321,ARLYT LUBRICANTE ENV X 15ML,7798195030072
100100000000055313,ARLYT EXPRESS X240ML,7798195030157
100100000000055317,ARLYT PREMIUM X240ML,7798195030164
100100000000055315,ARLYT PREMIUM X 60ML,7798195030218
100100000000076495,ARLYT SOL SALINA ENV X500ML,7798195031031
100100000000081463,ARLYT EXPRESS X500ML,7798195031062
100100000000091436,ARLYT KLINNER ENV X 35ML,7798195031109
100100000000070988,{CARDON VICTORIA O EDP WM X50,7798197513238
100100000000105746,CHER EDP VEINTE   X100,7798336941236
100100000000148610,THELMA &LOUISE MASAJ.FAC GLOB,7798354463741
100100000000090251,AVENE SOL 50 FLUIDO MATE X 50,7799075000017
100100000000090252,AVENE SOL 50 FLUIDO MATE COL,7799075000024
100100000000090249,AVENE SOL 50 CLEANANCE X 50,7799075000048
100100000000090614,AVENE SOL 50 CREMA COLOR X50,7799075000062
100100000000092221,AVENE HYDRANCE INTE SERUM X30,7799075000086
100100000000097289,AVENE CR TRIXERA PAN    X100G,7799075000208
100100000000098511,AVENE DERMABSOLU BALS NOCX 40,7799075000345
100100000000098510,AVENE DERMABSOLU SERUM   X 30,7799075000352
100100000000098509,AVENE DERMABSOLU C/OJOS  X 15,7799075000369
100100000000098508,AVENE DERMABSOLU CR DIA  X 40,7799075000376
100100000000101679,AVENE SOL 50 FLUIDO SPORTX100,7799075000819
100100000000105207,AVENE HYDRANCE AGUA GEL  X 50,7799075000826
100100000000108884,AVENE HYDRANCE LEGERE UV X 40,7799075000833
100100000000110822,AVENE A-OXITIVE SERUM    X 30,7799075001113
100100000000110820,AVENE A-OXITIVE CR DIA   X 30,7799075001120
100100000000110821,AVENE A-OXITIVE CR NOCHE X 30,7799075001137
100100000000110823,AVENE A-OXITIVE CONT/OJOSX 15,7799075001144
100100000000121690,AVENE CICALFATE + CREMA X 40,7799075001380
100100000000136629,AVENE SOL B PROTC50+30 EPL NU,7799075001625
100100000000136630,AVENE CLEANAN SOLAR TENI50 NU,7799075001632
708832,AVENE CLEANANCE GEL      X200,7799075001656
100100000000141055,AVENE TOLER LOC LIMPIAD  X200,7799075001786
100100000000141406,KLORANE TRAT SH MANGO NATX100,7799075001892
100100000000143872,ULTRA COREGA MAX FIJ+SELLX40G,7804900000251
100100000000028613,NIDINA 2    ENV X 800G,7891000099537
100100000000028612,NIDINA 1    ENV X 800G,7891000099551
100100000000142467,NEUTROGENA CR FAC HIDR M 3EN1,7891010253844
100100000000070786,NEUTROGENA HYDRO BOOST W/GEL,7891010882983
127120000000001899,BAUDUCCO PANETTONE FRUT X 400G,7891962027388
127120000000001765,BAUDUCCO OBLEA CHOCO X 30G,7891962037110
127120000000001766,BAUDUCCO OBLEA FRESA X 30G,7891962037134
127120000000001764,BAUDUCCO OBLEA VAINI X 30G,7891962049915
127120000000001763,BAUDUCCO COOKIES ORIGX 40G,7891962050706
127120000000001762,BAUDUCCO COOKIES CHOCO X 40G,7891962050713
127120000000001794,BAUDUCCO COOKIES ORIGX 100G,7891962054483
127120000000001787,BAUDUCCO OBLEA FRESA X 78G,7891962058405
127120000000001774,KELLOGG'S ZUCARITAS X 300G,7896004006369
127120000000001772,KELLOGG'S ZUCARITAS X 120G,7896004006376
743465,SENSODYNE DENT MULTIPROT X 50,7896009419270
703784,SENSODYNE DENT MULTIPROT X 90,7896009419294
703054,SENSODYNE DENT ORIGINAL  X 90,7896009419324
919797,SENSODYNE DENT BLAN E/FREX 50,7896015519223
100100000000008086,SENSODYNE DENT BLAN E/FREX 90,7896015520045
927946,SENSODYNE DENT PROESMALT X 90,7896015520526
100100000000014540,PARODONTAX DENT FLUOR X 50G,7896015527433
100100000000014542,PARODONTAX DENT FLUOR X 90G,7896015527457
100100000000081530,SENSODYNE DENT LIMP PROF X 90,7896015591106
100100000000126063,SENSODYNE DENT SENS/ENCI X100,7896015591786
100100000000088857,EFFACLAR CONCENTRA BARRA X 70,7899706149211
127120000000000722,JANEKE TOOTHBRUSH SP59ASS,8006060608554
100100000000078086,BELLISSIMA.RG CEP TERMICO ALI,8007403115807
100100000000132259,CH BAD BOY SUPERSTARS EDTX100,8411061001646
100100000000138258,CH BAD BOY LE PARFUM EDP 150,8411061002865
100100000000142012,212 HEROES MAN     EDT  X150,8411061023655
100100000000137611,CH HOT MEN EDP   X100,8411061024485
100100000000064679,CH GOOD GIRL EDP X 50,8411061026250
100100000000064680,CH GOOD GIRL  X 80,8411061026342
100100000000129933,CH GOOD GIRL VERY   EDP X 30,8411061041659
100100000000142681,CH GOOD GIRL EDP X 30,8411061041673
100100000000074766,212 VIP BLACK EDP NS    X100,8411061043844
705539,212 MEN EDT VAP         X100,8411061043868
100100000000129932,CH GOOD GIRL VERY   EDP X 50,8411061043875
719254,212 MEN EDT VAP         X 30,8411061341803
726332,212 SEXY EDT VAP        X 30,8411061558423
873850,CH EDT VAP    X100,8411061607152
873851,CH EDT VAP    X 50,8411061607169
873852,CH EDT VAP    X 30,8411061607176
874015,BLUE SEDUCTION EDTV X100,8411061636268
874019,BLUE SEDUCTION EDTV X 50,8411061636275
945427,CH MEN EDT VAP X100,8411061665022
945428,CH MEN EDT VAP X 50,8411061665039
947645,SEDUCTION IN BLACK EDT   X100,8411061695951
972802,THE SECRET EDTV X 100,8411061701034
100100000000123636,THE SECRET FD21  (EDT100+DEO),8411061701034
972803,THE SECRET EDTV X  50,8411061701041
972799,212 VIP EDP VAP         X 80,8411061711767
972800,212 VIP EDP VAP         X 50,8411061711804
100100000000005278,GOLDEN SECRET EDT VAP X100,8411061722756
100100000000005289,212 VIP MEN EDT NS      X100,8411061723760
100100000000005287,GOLDEN SECRET EDT VAP X 50,8411061727935
100100000000075683,BLUE SEDUCTION EDTV X200,8411061737835
100100000000034274,212 VIP ROSE EDP VAP    X 80,8411061777176
100100000000034273,212 VIP ROSE EDP VAP    X 50,8411061777183
100100000000034272,212 VIP ROSE EDP VAP    X 30,8411061781197
100100000000043367,KING OF SEDUCT EDTV  X100,8411061784273
100100000000043368,KING OF SEDUCT EDTV  X 50,8411061784280
100100000000072366,GOLDEN SECRET EDT EDTX200,8411061791691
100100000000052979,KING OF SEDUCT ABS X100,8411061813973
100100000000052980,KING OF SEDUCT ABS X 50,8411061819623
100100000000073308,KING OF SEDUCT EDTV  X200,8411061819685
100100000000080395,KING OF SEDUCT ABS X200,8411061829530
100100000000075636,212 VIP ROSE EDP VAP    X125,8411061838778
100100000000030133,212 MEN NYC             X200,8411061853207
100100000000072360,HER SECRET TEMPT EDT X 80,8411061860410
100100000000072362,HER SECRET TEMPT EDT X 50,8411061860441
100100000000072358,THE SECRET TEMPT     EDT X100,8411061860502
100100000000072359,THE SECRET TEMPT     EDT X 50,8411061860564
100100000000081120,212 EDT VAP             X100,8411061865408
726330,212 SEXY EDP VAP        X100,8411061865439
726331,212 SEXY EDP VAP        X 60,8411061865460
100100000000005290,212 VIP MEN EDT NS      X 50,8411061869253
100100000000074767,212 VIP BLACK EDP NS    X 50,8411061869406
100100000000084439,212 VIP BLACK EDP NS    X200,8411061870518
711890,212 EDT VAP             X 60,8411061894026
705538,212 MEN EDT VAP         X 50,8411061896259
711889,212 EDT VAP        X 30,8411061906651
100100000000081921,CH GOOD GIRL LEGERE EDP X 30,8411061907610
100100000000093065,THE SECRET TEMPT COL EDT X200,8411061912935
100100000000105341,CH BAD BOY EDT X 100,8411061923245
100100000000105340,CH BAD BOY EDT X  50,8411061926093
100100000000110719,CH GOOD GIRL  X150,8411061958483
100100000000124315,THE ICON MASCULINO   EDT X100,8411061971857
100100000000112764,POWER OF SED FORCE  EDT X100,8411061971918
100100000000124316,THE ICON MASCULINO   EDT X 50,8411061971925
100100000000122761,212 HEROES         EDT  X 90,8411061972656
100100000000122760,212 HEROES         EDT  X 50,8411061974759
100100000000122584,CH BAD BOY EDT X 150,8411061982068
100100000000114248,BLUE SEDUCTION WOM EDTV X 80,8411061982105
100100000000114251,BLUE SEDUCTION WOM EDTV X 50,8411061982617
100100000000124515,CH BAD BOY LE PARFUM EDP X100,8411061991886
100100000000124514,CH BAD BOY LE PARFUM EDP X 50,8411061991909
100100000000139596,212 HEROES FOR HER EDP  X 80,8411061994696
100100000000139595,212 HEROES FOR HER EDP  X 50,8411061994702
100100000000129931,CH GOOD GIRL VERY   EDP X 80,8411061995754
100100000000139594,212 HEROES FOR HER EDP  X 30,8411061996539
100100000000141570,THE ICON RE22 EDP X 50,8411061999264
100100000000141569,THE ICON RE22 EDP X100,8411061999332
100100000000111461,PEPE JEANS FOR HER EDP X 80,8411114057187
100100000000111462,PEPE JEANS FOR HIM EDT X100,8411114057194
100100000000057483,ENSURE ADVANCE VAIN PVO X400G,8427030007397
100100000000054783,ENSURE ADVANCE VAIN PVO X850G,8427030007403
100100000000131675,ENSURE ADVANCE FR-BA PVOX400G,8427030008028
100100000000053584,FOTO ISDIN 99 SPOT PREVENTX50,8429420079717
100100000000067452,ISDINCEUTICS K-OX EYES,8429420113374
100100000000091753,ISDIN SOL MICELAR      X400,8429420128644
100100000000098556,ISDINCEUTICS NIGHT PEEL  10AM,8429420136472
100100000000105450,FOTO ISDIN 50 PROTECT LABIAL,8429420137974
100100000000112698,ISDINCEUTICS FLAVO-C MEL AQ10,8429420138346
100100000000089508,FOTO ISDIN 30 GEL CREMA X250,8429420142312
100100000000091754,FOTO ISDIN 50 FUSION WAT MED,8429420154186
100100000000098555,ISDINCEUTICS PIGM EXPERT 30AM,8429420157613
100100000000098554,ISDINCEUTICS PIGM+NIGHT 10+10,8429420157651
100100000000136349,FOTO ISDIN 50 AGE REP SPF COL,8429420160613
100100000000100724,FOTO ISDIN 50 GEL CREMA X250,8429420161214
100100000000114243,ISDINCEUTICS HYALUR  AMP X 30,8429420164390
100100000000114242,ISDINCEUTICS HYALUR  AMP X  5,8429420164406
100100000000108742,ISDINCEUTICS INST FLAS AMP X5,8429420165472
100100000000111681,ISDINCEUTICS A.G.E REV NIGX50,8429420172401
919235,GLICOISDIN 15% GEL X  50 ML,8429420175310
919234,GLICOISDIN 25% GEL X  50 ML,8429420175327
740751,GLICOISDIN  8% CR  X  50 ML,8429420175341
740749,GLICOISDIN 15% CR  X  50 ML,8429420175372
100100000000089510,FOTO ISDIN 50 WET SPRAY X250,8429420187917
100100000000089513,FOTO ISDIN 50 PED WET SPRX250,8429420188020
100100000000115394,FOTO ISDIN 50 AGE REP 5 STARS,8429420190986
100100000000075600,FOTO ISDIN 50 HYDROLOT +200ML,8429420192263
100100000000115083,FOTO ISDIN 50 FUSION W 5 STAR,8429420195950
100100000000090986,FOTO ISDIN 50 PED FUSION WAT,8429420196377
100100000000108741,ISDINCEUTICS INST FLAS AMP X1,8429420199163
100100000000123702,ISDINCEUTICS HYALUR CONCEX 30,8429420200678
100100000000115393,FOTO ISDIN 30 FUSION WAT URB,8429420201361
100100000000135117,ISDINCEUTICS VITAL EYES  X 15,8429420203082
100100000000115883,FOTO ISDIN 50 FUS FLUID MINER,8429420210547
100100000000143424,ISDINCEUTICS FLAVO-C FORT X1U,8429420215078
100100000000143425,ISDINCEUTICS FLAVO-C FORT X3U,8429420216068
100100000000141366,ISDINCEUTICS ESSEN CLEAN X200,8429420226135
100100000000147336,FOTO ISDIN 50 FUS WAT LIGHX50,8429420226265
100100000000147338,FOTO ISDIN 50 FUS WAT BRONX50,8429420226272
887229,CETAPHIL LOC LIMP     X 237ML,8430351066011
890996,{JDP HALLOWEEN KISS    EDTV 50,8431754346014
968803,{JDP HALLOWEEN KISS SE EDTV 50,8431754346021
101100000000000766,{JDP HALLOWEEN FLEUR   EDTV 30,8431754490618
100100000000105957,BENETTON TOG HER HER  X 80,8433982016493
100100000000128255,BENETTON COL MAN BLACK INT 60,8433982020568
100100000000137602,PEPE JEANS LDN F HER  EDPX 80,8436581945133
100100000000137603,PEPE JEANS LDN F HIM  EDPX100,8436581945140
100100000000004018,FOTO ISDIN 50 FUS FL COLORX50,8470001585066
100100000000026413,FOTO ISDIN 50 DRYTOU COLORX50,8470001631718
928329,FOTO ISDIN 50 COMPACTO BRONCE,8470001654557
100100000000052360,FOTO ISDIN 50 DRYTOUCH GCX50,8470001699664
100100000000067447,ISDINCEUTICS FLAVO-C SERUM 30,8470001769145
100100000000067449,ISDINCEUTICS MELACLEAR   X 15,8470001769169
100100000000077093,ISDINCEUTICS A.G.E REV DAYX50,8470001812353
100100000000115084,ISDINCEUTICS FLAVO-C MEL AQ30,8470001864802
100100000000112538,ISDINCEUTICS DAY&NIGHT 10+10,8470001864826
100100000000113672,ISDIN SOL MICELAR      X100,8470001880154
100100000000111878,ISDIN SI NAILS VARNISH X2.5ML,8470001915528
928333,FOTO ISDIN AFT SUN INMED X200,8470003233941
100100000000117279,GERMISDIN ORIGINAL X500ML,8470003854849
127120000000002035,ULTRAFLEX LATA X 300 G X2 ,8500000000001
127120000000002037,ULTRAFLEX MAGNESIO LATA X2 ,8500000000002
127120000000002033,ULTRAFLEX HMB 3000 LATA X2,8500000000003
127120000000002039,ULTRAFLEX GLUCO SOB X2,8500000000004
127120000000002036,ULTRAFLEX LATA X 300 G X3,8500000000005
127120000000002038,ULTRAFLEX MAGNESIO LATA X3,8500000000006
127120000000002034,ULTRAFLEX HMB 3000 LATA X3,8500000000007
127120000000002078,ECOHAIR SH ANTICAIDA + LOC CRE,8500000000009
127120000000002080,ECOHAIR SH ANTICAIDA X200ML X2,8500000000011
127120000000002041,PRINGLES BARBACOA X139G X3,8500000000013
127120000000002043,PRINGLES CREMA/CEB X124G X3,8500000000014
127120000000002049,PRINGLES ORIG X 124 X3,8500000000015
127120000000002051,PRINGLES QUESO X 124G X3,8500000000016
127120000000002045,PRINGLES CREMAYCEBOLL X67G X3,8500000000017
127120000000002047,PRINGLES ORIGINAL X67G X3,8500000000018
127120000000002053,PRINGLES QUESO X67G X3,8500000000019
127120000000002042,PRINGLES BARBACOA X139G X6,8500000000020
127120000000002044,PRINGLES CREMA/CEB X124G X6,8500000000021
127120000000002050,PRINGLES ORIG X 124 X6,8500000000022
127120000000002052,PRINGLES QUESO X 124G X6,8500000000023
127120000000002046,PRINGLES CREMAYCEBOLL X67G X6,8500000000024
127120000000002048,PRINGLES ORIGINAL X67G X6,8500000000025
127120000000002054,PRINGLES QUESO X67G X6,8500000000026
127120000000002084,CURFLEX COMP X 30 X2,8500000000027
127120000000002085,CURFLEX PLUS COMP X 30 X2,8500000000028
127120000000002086,CURFLEX PLUS COMP X 30 X3,8500000000030
127120000000002104,CURFLEX COMP X 30 X3,8500000000031
127120000000002105,BLUE-VIT B12 ANANAX20 X3,8500000000032
127120000000002106,INFILTREX  COMP X 30 X3,8500000000033
127120000000002079,ECOHAIR SH ACAIDA X200 ML X3,8500000000035
127120000000002083,ECOHAIR SH ACAIDA + ACOND,8500000000036
100100000000081284,ENSURE CLINICAL VAIN FRX220ML,8710428010544
100100000000097601,ENSURE ADVANCE CHOC PVO X400G,8710428010742
100100000000136867,ENSURE ADVANCE VAIN BOTX220ML,8710428011473
100100000000136868,ENSURE ADVANCE FRUT BOTX220ML,8710428011497
100100000000090191,ENSURE CLINICAL RTH ENVX500ML,8710428013514
100100000000081285,GLUCERNA TRIP CARE LATA X850G,8710428013637
100100000000097602,ENSURE ADVANCE FRUT PVO X400G,8710428014085
100100000000122836,ENSURE PLUS FRUTILLA   X220ML,8710428017994
100100000000122835,ENSURE PLUS CHOCOLATE  X220ML,8710428018014
100100000000122834,ENSURE PLUS VAINILLA   X220ML,8710428018038
100100000000141394,ENSURE ADVANCE CAF BOTX220ML,8710428019516
100100000000015315,GLUCERNA PVO VAIN LATA X400G,8710428022141
663878,NUTRILON SOYA      LATA X400G,8712400771313
706582,NUTRILON PREMATU 1 LATA X400G,8712400801072
964492,NUTRILON PEPTI JR HE LATX400G,8712400801089
100100000000023611,NUTRILON PEPTI SYNEO LATX400G,8718117601066
1014347,PEDIASURE CHOCOLAT LATA X400G,8886451005656
1016758,PEDIASURE VAINILLA LATA X400G,8886451005663
708849,}{SENSODYNE DENT ANTISARROX 60,9999999999999
717002,}{RIMMEL ESM  LAST FINISH  433,9999999999999
