Codigo Barra,Fabricante,,,Precio Sugerido Mercado
70074117195,ABBOTT NUTRICION,ABBNU,A1677,1905.96
22548024317,FRAG (DIFFUPAR),FRDIF,A1155,17930
22548024324,FRAG (DIFFUPAR),FRDIF,A1155,47610
22548055373,FRAG (DIFFUPAR),FRDIF,A1155,25530
310119303290,BAUSCH & LOMB AR,BA&LA,A0898,1945
310119303306,BAUSCH & LOMB AR,BA&LA,A0898,3115
310119303313,BAUSCH & LOMB AR,BA&LA,A0898,3745
310119303320,BAUSCH & LOMB AR,BA&LA,A0898,1635
310119303337,BAUSCH & LOMB AR,BA&LA,A0898,2625
47144060477,BAUSCH & LOMB AR,BA&LA,A0898,3010
614143473463,PHARMA ALIOTH,ALIOT,A1995,2723.84
762860013469,SILVESTRIN FABRIS,SILVE,A0405,11120
762860013476,SILVESTRIN FABRIS,SILVE,A0405,11120
762860013483,SILVESTRIN FABRIS,SILVE,A0405,12030
762860013490,SILVESTRIN FABRIS,SILVE,A0405,6230
762860850897,SILVESTRIN FABRIS,SILVE,A0405,12030
763511009817,FRAG (DIFFUPAR),FRDIF,A1155,42700
30089372,LA ROCHE-POSAY (LOREAL),POSSA,A0564,4015
30102422,LA ROCHE-POSAY (LOREAL),POSSA,A0564,17410
30106659,LA ROCHE-POSAY (LOREAL),POSSA,A0564,6920
310119033227,BAUSCH & LOMB AR,BA&LA,A0898,1945
310119033289,BAUSCH & LOMB AR,BA&LA,A0898,3745
310119033340,BAUSCH & LOMB AR,BA&LA,A0898,3115
310119034347,BAUSCH & LOMB AR,BA&LA,A0898,1215
310119037799,BAUSCH & LOMB AR,BA&LA,A0898,1375
310119037805,BAUSCH & LOMB AR,BA&LA,A0898,2125
310119037812,BAUSCH & LOMB AR,BA&LA,A0898,3185
310119052136,BAUSCH & LOMB AR,BA&LA,A0898,1855
310119056738,BAUSCH & LOMB AR,BA&LA,A0898,3415
3274872389960,FRAG (LMVH),LMVH,A1249,50500
3274872400726,FRAG (LMVH),LMVH,A1249,51400
3331436404023,FRAG (DIFFUPAR),FRDIF,A1155,15220
3331438000032,FRAG (DIFFUPAR),FRDIF,A1155,23830
3337872410147,LA ROCHE-POSAY (LOREAL),POSSA,A0564,13460
3337872410338,LA ROCHE-POSAY (LOREAL),POSSA,A0564,9550
3337872410949,LA ROCHE-POSAY (LOREAL),POSSA,A0564,21925
3337872410956,LA ROCHE-POSAY (LOREAL),POSSA,A0564,21925
3337872410963,LA ROCHE-POSAY (LOREAL),POSSA,A0564,21925
3337872410970,LA ROCHE-POSAY (LOREAL),POSSA,A0564,21925
3337872411083,LA ROCHE-POSAY (LOREAL),POSSA,A0564,9860
3337872411595,LA ROCHE-POSAY (LOREAL),POSSA,A0564,13845
3337872411991,LA ROCHE-POSAY (LOREAL),POSSA,A0564,14470
3337872412042,LA ROCHE-POSAY (LOREAL),POSSA,A0564,19300
3337872412059,LA ROCHE-POSAY (LOREAL),POSSA,A0564,19300
3337872412516,LA ROCHE-POSAY (LOREAL),POSSA,A0564,12105
3337872412646,LA ROCHE-POSAY (LOREAL),POSSA,A0564,16215
3337872412752,LA ROCHE-POSAY (LOREAL),POSSA,A0564,7735
3337872412998,LA ROCHE-POSAY (LOREAL),POSSA,A0564,4035
3337872413018,LA ROCHE-POSAY (LOREAL),POSSA,A0564,7460
3337872413025,LA ROCHE-POSAY (LOREAL),POSSA,A0564,11870
3337872413711,LA ROCHE-POSAY (LOREAL),POSSA,A0564,22490
3337872413728,LA ROCHE-POSAY (LOREAL),POSSA,A0564,23730
3337872413735,LA ROCHE-POSAY (LOREAL),POSSA,A0564,21085
3337872414039,LA ROCHE-POSAY (LOREAL),POSSA,A0564,22490
3337872414145,LA ROCHE-POSAY (LOREAL),POSSA,A0564,9010
3337872414152,LA ROCHE-POSAY (LOREAL),POSSA,A0564,23220
3337872414381,LA ROCHE-POSAY (LOREAL),POSSA,A0564,10490
3337872418778,LA ROCHE-POSAY (LOREAL),POSSA,A0564,5925
3337872418785,LA ROCHE-POSAY (LOREAL),POSSA,A0564,8845
3337872420153,LA ROCHE-POSAY (LOREAL),POSSA,A0564,10525
3337872420207,LA ROCHE-POSAY (LOREAL),POSSA,A0564,16100
3337875517300,LA ROCHE-POSAY (LOREAL),POSSA,A0564,6440
3337875518451,LA ROCHE-POSAY (LOREAL),POSSA,A0564,12675
3337875518598,LA ROCHE-POSAY (LOREAL),POSSA,A0564,12675
3337875518628,LA ROCHE-POSAY (LOREAL),POSSA,A0564,3535
3337875528092,LA ROCHE-POSAY (LOREAL),POSSA,A0564,9330
3337875528108,LA ROCHE-POSAY (LOREAL),POSSA,A0564,13845
3337875537308,LA ROCHE-POSAY (LOREAL),POSSA,A0564,7100
3337875543248,VICHY (LOREAL),VICHY,A0968,13750
3337875545891,LA ROCHE-POSAY (LOREAL),POSSA,A0564,8390
3337875546430,LA ROCHE-POSAY (LOREAL),POSSA,A0564,8390
3337875550611,LA ROCHE-POSAY (LOREAL),POSSA,A0564,8930
3337875550628,LA ROCHE-POSAY (LOREAL),POSSA,A0564,11070
3337875552097,LA ROCHE-POSAY (LOREAL),POSSA,A0564,10215
3337875552127,LA ROCHE-POSAY (LOREAL),POSSA,A0564,15060
3337875578486,LA ROCHE-POSAY (LOREAL),POSSA,A0564,8795
3337875583589,LA ROCHE-POSAY (LOREAL),POSSA,A0564,17575
3337875583626,LA ROCHE-POSAY (LOREAL),POSSA,A0564,19800
3337875586269,LA ROCHE-POSAY (LOREAL),POSSA,A0564,11665
3337875598071,LA ROCHE-POSAY (LOREAL),POSSA,A0564,12675
3337875613668,LA ROCHE-POSAY (LOREAL),POSSA,A0564,15535
3337875632652,LA ROCHE-POSAY (LOREAL),POSSA,A0564,22070
3337875632676,LA ROCHE-POSAY (LOREAL),POSSA,A0564,22070
3337875632690,LA ROCHE-POSAY (LOREAL),POSSA,A0564,22070
3337875660549,LA ROCHE-POSAY (LOREAL),POSSA,A0564,22970
3337875660570,LA ROCHE-POSAY (LOREAL),POSSA,A0564,24210
3337875678636,LA ROCHE-POSAY (LOREAL),POSSA,A0564,9205
3337875678667,LA ROCHE-POSAY (LOREAL),POSSA,A0564,9205
3337875685818,LA ROCHE-POSAY (LOREAL),POSSA,A0564,19660
3337875685832,LA ROCHE-POSAY (LOREAL),POSSA,A0564,14800
3337875694469,LA ROCHE-POSAY (LOREAL),POSSA,A0564,24210
3337875696548,LA ROCHE-POSAY (LOREAL),POSSA,A0564,17635
3337875696579,LA ROCHE-POSAY (LOREAL),POSSA,A0564,11740
3337875696838,LA ROCHE-POSAY (LOREAL),POSSA,A0564,11860
3337875698696,LA ROCHE-POSAY (LOREAL),POSSA,A0564,12260
3337875706667,LA ROCHE-POSAY (LOREAL),POSSA,A0564,7105
3337875706681,LA ROCHE-POSAY (LOREAL),POSSA,A0564,7105
3337875706698,LA ROCHE-POSAY (LOREAL),POSSA,A0564,7105
3337875708265,LA ROCHE-POSAY (LOREAL),POSSA,A0564,10260
3337875708289,LA ROCHE-POSAY (LOREAL),POSSA,A0564,14840
3337875722827,LA ROCHE-POSAY (LOREAL),POSSA,A0564,18855
3337875725897,LA ROCHE-POSAY (LOREAL),POSSA,A0564,11025
3337875729864,LA ROCHE-POSAY (LOREAL),POSSA,A0564,11575
3337875731409,LA ROCHE-POSAY (LOREAL),POSSA,A0564,15915
3337875731638,LA ROCHE-POSAY (LOREAL),POSSA,A0564,15915
3337875757515,LA ROCHE-POSAY (LOREAL),POSSA,A0564,11475
3337875757614,LA ROCHE-POSAY (LOREAL),POSSA,A0564,14680
3337875757669,LA ROCHE-POSAY (LOREAL),POSSA,A0564,14680
3337875761031,LA ROCHE-POSAY (LOREAL),POSSA,A0564,11100
3337875761123,LA ROCHE-POSAY (LOREAL),POSSA,A0564,11600
3337875764353,LA ROCHE-POSAY (LOREAL),POSSA,A0564,11100
3337875797597,LA ROCHE-POSAY (LOREAL),POSSA,A0564,9320
3337875797641,LA ROCHE-POSAY (LOREAL),POSSA,A0564,9320
3337875807043,LA ROCHE-POSAY (LOREAL),POSSA,A0564,17245
3348900012189,FRAG (LMVH),LMVH,A1249,38600
3348900012219,FRAG (LMVH),LMVH,A1249,49600
3348900147324,FRAG (LMVH),LMVH,A1249,72700
3348900417878,FRAG (LMVH),LMVH,A1249,60100
3348900417885,FRAG (LMVH),LMVH,A1249,47900
3348900417892,FRAG (LMVH),LMVH,A1249,36300
3348900838178,FRAG (LMVH),LMVH,A1249,45900
3348900838185,FRAG (LMVH),LMVH,A1249,59200
3348901001120,FRAG (LMVH),LMVH,A1249,75700
3348901181839,FRAG (LMVH),LMVH,A1249,60100
3348901182331,FRAG (LMVH),LMVH,A1249,33990
3348901182348,FRAG (LMVH),LMVH,A1249,47900
3348901250146,FRAG (LMVH),LMVH,A1249,49600
3348901250153,FRAG (LMVH),LMVH,A1249,39700
3348901321129,FRAG (LMVH),LMVH,A1249,72900
3348901368247,FRAG (LMVH),LMVH,A1249,59200
3348901368254,FRAG (LMVH),LMVH,A1249,46800
3348901419130,FRAG (LMVH),LMVH,A1249,38600
3348901419147,FRAG (LMVH),LMVH,A1249,49600
3348901428545,FRAG (LMVH),LMVH,A1249,89100
3348901487511,FRAG (LMVH),LMVH,A1249,47900
3348901544092,FRAG (LMVH),LMVH,A1249,64400
3348901571432,FRAG (LMVH),LMVH,A1249,36300
3349666007891,FRAG (PUIG PRESTIGE),PPRES,A1429,44550
3349666007921,FRAG (PUIG PRESTIGE),PPRES,A1429,52550
3349668021345,FRAG (PUIG PRESTIGE),PPRES,A1429,42400
3349668508587,FRAG (PUIG PRESTIGE),PPRES,A1429,63150
3349668515653,FRAG (PUIG PRESTIGE),PPRES,A1429,44550
3349668515660,FRAG (PUIG PRESTIGE),PPRES,A1429,52550
3349668528677,FRAG (PUIG PRESTIGE),PPRES,A1429,63150
3349668545636,FRAG (PUIG PRESTIGE),PPRES,A1429,51800
3349668545667,FRAG (PUIG PRESTIGE),PPRES,A1429,42500
3349668545698,FRAG (PUIG PRESTIGE),PPRES,A1429,33150
3349668555062,FRAG (PUIG PRESTIGE),PPRES,A1429,51800
3349668555093,FRAG (PUIG PRESTIGE),PPRES,A1429,42500
3349668555123,FRAG (PUIG PRESTIGE),PPRES,A1429,33150
3349668562671,FRAG (PUIG PRESTIGE),PPRES,A1429,52550
3349668562701,FRAG (PUIG PRESTIGE),PPRES,A1429,44550
3349668566372,FRAG (PUIG PRESTIGE),PPRES,A1429,76197.5
3349668568093,FRAG (PUIG PRESTIGE),PPRES,A1429,51800
3349668573844,FRAG (PUIG PRESTIGE),PPRES,A1429,46950
3349668576111,FRAG (PUIG PRESTIGE),PPRES,A1429,44650
3349668576128,FRAG (PUIG PRESTIGE),PPRES,A1429,37850
3349668576166,FRAG (PUIG PRESTIGE),PPRES,A1429,37850
3349668576173,FRAG (PUIG PRESTIGE),PPRES,A1429,44650
3349668579822,FRAG (PUIG PRESTIGE),PPRES,A1429,51250
3349668579839,FRAG (PUIG PRESTIGE),PPRES,A1429,60450
3349668581153,FRAG (PUIG PRESTIGE),PPRES,A1429,63150
3349668581184,FRAG (PUIG PRESTIGE),PPRES,A1429,63150
3349668582297,FRAG (PUIG PRESTIGE),PPRES,A1429,54650
3349668582365,FRAG (PUIG PRESTIGE),PPRES,A1429,46350
3349668582839,FRAG (PUIG PRESTIGE),PPRES,A1429,52550
3349668588732,FRAG (PUIG PRESTIGE),PPRES,A1429,60450
3349668588749,FRAG (PUIG PRESTIGE),PPRES,A1429,51250
3349668589678,FRAG (PUIG PRESTIGE),PPRES,A1429,76197.5
3349668592388,FRAG (PUIG PRESTIGE),PPRES,A1429,87652.5
3349668596348,FRAG (PUIG PRESTIGE),PPRES,A1429,71050
3349668599080,FRAG (PUIG PRESTIGE),PPRES,A1429,49000
3349668599110,FRAG (PUIG PRESTIGE),PPRES,A1429,57800
3349668599417,FRAG (PUIG PRESTIGE),PPRES,A1429,66300
3349668599424,FRAG (PUIG PRESTIGE),PPRES,A1429,42450
3349668599448,FRAG (PUIG PRESTIGE),PPRES,A1429,54400
3349668600304,FRAG (PUIG PRESTIGE),PPRES,A1429,63050
3349668601073,FRAG (PUIG PRESTIGE),PPRES,A1429,53450
3349668613427,FRAG (PUIG PRESTIGE),PPRES,A1429,40450
3351500013814,FRAG (DIFFUPAR),FRDIF,A1155,45340
3423473020509,FRAG (DIFFUPAR),FRDIF,A1155,38390
3423473020516,FRAG (DIFFUPAR),FRDIF,A1155,48010
3430750528641,JULERIAQUE,JULER,A2195,11500
3430750528658,JULERIAQUE,JULER,A2195,11500
3433422404397,LA ROCHE-POSAY (LOREAL),POSSA,A0564,6775
3433422404533,LA ROCHE-POSAY (LOREAL),POSSA,A0564,6565
3433422406599,LA ROCHE-POSAY (LOREAL),POSSA,A0564,13555
3433422408357,LA ROCHE-POSAY (LOREAL),POSSA,A0564,8160
3433422408616,LA ROCHE-POSAY (LOREAL),POSSA,A0564,7240
3466320012838,GALDERMA,GALDE,A0502,7990
3499320004473,GALDERMA,GALDE,A0502,9890
3499320004497,GALDERMA,GALDE,A0502,8790
3499320004541,GALDERMA,GALDE,A0502,9890
3499320007986,GALDERMA,GALDE,A0502,9890
3499320008341,GALDERMA,GALDE,A0502,3890
3577056013850,PIERRE FABRE ORAL CARE,FABRE,A1187,2621.94
3600524057336,LOREAL PUBLICO,LOREA,A0973,8680
3605532612690,FRAG (LANCOME)(LOREAL),FLANC,A1569,37900
3605532612768,FRAG (LANCOME)(LOREAL),FLANC,A1569,53900
3605532612836,FRAG (LANCOME)(LOREAL),FLANC,A1569,58000
3605533286555,FRAG (LANCOME)(LOREAL),FLANC,A1569,62000
3614272629370,FRAG (LANCOME)(LOREAL),FLANC,A1569,48900
3614272629387,FRAG (LANCOME)(LOREAL),FLANC,A1569,58000
3614272639638,FRAG (LANCOME)(LOREAL),FLANC,A1569,23990
3614273069533,FRAG (YVES SL),YVES,A1750,40900
3614273203470,FRAG (LANCOME)(LOREAL),FLANC,A1569,48900
3614273203487,FRAG (LANCOME)(LOREAL),FLANC,A1569,58000
3614273357197,FRAG (LANCOME)(LOREAL),FLANC,A1569,33990
3614273476164,FRAG (LANCOME)(LOREAL),FLANC,A1569,58000
3614273476287,FRAG (LANCOME)(LOREAL),FLANC,A1569,24700
4005800014475,EUCERIN,EUCER,A1430,19667
4005800021930,EUCERIN,EUCER,A1430,19667
4005800024023,EUCERIN,EUCER,A1430,20663
4005800024139,EUCERIN,EUCER,A1430,11546
4005800024481,EUCERIN,EUCER,A1430,11546
4005800027468,EUCERIN,EUCER,A1430,5998
4005800035784,EUCERIN,EUCER,A1430,7741
4005800036842,EUCERIN,EUCER,A1430,6794
4005800037092,EUCERIN,EUCER,A1430,6794
4005800037153,EUCERIN,EUCER,A1430,10085
4005800057670,EUCERIN,EUCER,A1430,19304
4005800065019,EUCERIN,EUCER,A1430,8499
4005800065538,EUCERIN,EUCER,A1430,9278
4005800066627,EUCERIN,EUCER,A1430,11472
4005800079948,EUCERIN,EUCER,A1430,7254
4005800086380,EUCERIN,EUCER,A1430,4707
4005800109249,EUCERIN,EUCER,A1430,15699
4005800120282,EUCERIN,EUCER,A1430,8814
4005800126550,EUCERIN,EUCER,A1430,10592
4005800128646,EUCERIN,EUCER,A1430,10754.48
4005800131141,EUCERIN,EUCER,A1430,7026
4005800134661,EUCERIN,EUCER,A1430,13329.36
4005800164361,EUCERIN,EUCER,A1430,17852
4005800178368,EUCERIN,EUCER,A1430,8137
4005800178573,EUCERIN,EUCER,A1430,9097
4005800180514,EUCERIN,EUCER,A1430,7670
4005800180606,EUCERIN,EUCER,A1430,13880
4005800185090,EUCERIN,EUCER,A1430,7736
4005800193279,EUCERIN,EUCER,A1430,19667
4005800197604,EUCERIN,EUCER,A1430,9069
4005800223136,EUCERIN,EUCER,A1430,9625
4005800241901,EUCERIN,EUCER,A1430,10527
4005800264245,EUCERIN,EUCER,A1430,8513
4005800266409,EUCERIN,EUCER,A1430,8465
4005800268731,EUCERIN,EUCER,A1430,6816
4005800270468,EUCERIN,EUCER,A1430,11918
4005800270475,EUCERIN,EUCER,A1430,8943
4005800270543,EUCERIN,EUCER,A1430,9165
4005800287855,EUCERIN,EUCER,A1430,12011
4005800630958,EUCERIN,EUCER,A1430,5478
4005808122684,EUCERIN,EUCER,A1430,9364
4005808319695,BEIERSDORF,BEIER,A0130,1011.84
4005808551460,EUCERIN,EUCER,A1430,15216
4005808581214,EUCERIN,EUCER,A1430,8465
4005808583072,EUCERIN,EUCER,A1430,9076
4005808583805,EUCERIN,EUCER,A1430,8149
4005900000767,EUCERIN,EUCER,A1430,6122
4005900000774,EUCERIN,EUCER,A1430,11395
4005900140906,EUCERIN,EUCER,A1430,9278
4005900169563,EUCERIN,EUCER,A1430,11703
4005900264282,EUCERIN,EUCER,A1430,10527
4005900265227,EUCERIN,EUCER,A1430,10527
4005900324016,EUCERIN,EUCER,A1430,19667
4005900324023,EUCERIN,EUCER,A1430,20663
4005900436962,EUCERIN,EUCER,A1430,11337
4005900436979,EUCERIN,EUCER,A1430,12706
4005900436986,EUCERIN,EUCER,A1430,9460
4005900436993,EUCERIN,EUCER,A1430,11499
4005900490452,EUCERIN,EUCER,A1430,19667
4005900490483,EUCERIN,EUCER,A1430,20663
4005900490490,EUCERIN,EUCER,A1430,19304
4005900559500,EUCERIN,EUCER,A1430,20663
4005900559517,EUCERIN,EUCER,A1430,20663
4005900581341,BEIERSDORF,BEIER,A0130,1353.04
4005900598684,EUCERIN,EUCER,A1430,12744
4005900650412,EUCERIN,EUCER,A1430,19304
4005900656063,EUCERIN,EUCER,A1430,11633
4005900667014,EUCERIN,EUCER,A1430,4535
4005900714381,EUCERIN,EUCER,A1430,8452
4005900728807,EUCERIN,EUCER,A1430,21633
4005900791047,EUCERIN,EUCER,A1430,14635
4005900838841,EUCERIN,EUCER,A1430,10228
4005900839626,EUCERIN,EUCER,A1430,9278
4005900839633,EUCERIN,EUCER,A1430,9278
4005900903273,EUCERIN,EUCER,A1430,20758
4005900914453,EUCERIN,EUCER,A1430,21633
4580193650870,SILVESTRIN FABRIS,SILVE,A0405,11543
4580193651389,SILVESTRIN FABRIS,SILVE,A0405,1810
4580193651433,SILVESTRIN FABRIS,SILVE,A0405,23160
4580193651440,SILVESTRIN FABRIS,SILVE,A0405,25050
47144050560,BAUSCH & LOMB AR,BA&LA,A0898,3115
4715139610100,SILVESTRIN FABRIS,SILVE,A0405,39550
5054563054975,HALEON (GSK),HALEO,A2435,1371.14
679602158114,JULERIAQUE,JULER,A2195,23700
679602159128,JULERIAQUE,JULER,A2195,23700
679602181211,JULERIAQUE,JULER,A2195,23700
679602186124,JULERIAQUE,JULER,A2195,23700
679602211222,JULERIAQUE,JULER,A2195,17000
6922244700697,ABBOTT NUTRICION,ABBNU,A1677,6301.67
6922244700703,ABBOTT NUTRICION,ABBNU,A1677,11983.73
6922244700710,ABBOTT NUTRICION,ABBNU,A1677,16069.24
6922244700727,ABBOTT NUTRICION,ABBNU,A1677,6301.67
6942820471476,SILVESTRIN FABRIS,SILVE,A0405,15400
7319470066786,EUCERIN,EUCER,A1430,24054
7501033961632,ABBOTT NUTRICION,ABBNU,A1677,1548.7
7501054550037,EUCERIN,EUCER,A1430,12920
7501054550211,EUCERIN,EUCER,A1430,20814
7502236151875,GRIMBERG,GRIMB,A0113,12990
7502236151882,GRIMBERG,GRIMB,A0113,12990
7502236151899,GRIMBERG,GRIMB,A0113,12990
7502236152476,GRIMBERG,GRIMB,A0113,12990
7502236153282,GRIMBERG,GRIMB,A0113,4200
7502236153343,GRIMBERG,GRIMB,A0113,10990
7502236154685,GRIMBERG,GRIMB,A0113,2042.4
7503034665212,GRIMBERG,GRIMB,A0113,2250
7503034665410,GRIMBERG,GRIMB,A0113,3300
7506205806506,MEAD JOHNSON NUTRITION,MEADJ,A1602,17399.71
7506309892801,PROC & GAMB (APE),PR&GA,A0627,1656.37
7509552843620,LOREAL PUBLICO,LOREA,A0973,7313
7630042400419,FRAG (DIFFUPAR),FRDIF,A1155,27530
7702003006913,EUCERIN,EUCER,A1430,6296
7790375000042,BAGO,BAGO,A0020,4486.09
7790375000134,BAGO,BAGO,A0020,3500.95
7790375001292,BAGO,BAGO,A0020,2624.64
7790375001308,BAGO,BAGO,A0020,4369.52
7790375003449,BAGO,BAGO,A0020,4432.16
7790375003456,BAGO,BAGO,A0020,2375.53
7790375004378,BAGO,BAGO,A0020,3325.1
7790375004385,BAGO,BAGO,A0020,4142.36
7790375245054,BAGO,BAGO,A0020,4208.1
7790375245061,BAGO,BAGO,A0020,3070.15
7790375260941,BAGO,BAGO,A0020,3064.36
7790375267285,BAGO,BAGO,A0020,4246.48
7790375267797,BAGO,BAGO,A0020,2041.56
7790375267803,BAGO,BAGO,A0020,4241.31
7790375268183,BAGO,BAGO,A0020,3847.16
7790375268206,BAGO,BAGO,A0020,5528.15
7790375268213,BAGO,BAGO,A0020,5708.25
7790375268220,BAGO,BAGO,A0020,5527.02
7790375268350,BAGO,BAGO,A0020,7582.73
7790375268398,BAGO,BAGO,A0020,4692.81
7790375268411,BAGO,BAGO,A0020,4084.5
7790375268428,BAGO,BAGO,A0020,4518.95
7790375268435,BAGO,BAGO,A0020,4547.89
7790375268459,BAGO,BAGO,A0020,2430.51
7790375268473,BAGO,BAGO,A0020,3870.12
7790375268688,BAGO,BAGO,A0020,7532.41
7790375268695,BAGO,BAGO,A0020,7444.01
7790375268725,BAGO,BAGO,A0020,3044.7
7790375268787,BAGO,BAGO,A0020,2296.88
7790375268794,BAGO,BAGO,A0020,2426.84
7790375268824,BAGO,BAGO,A0020,1933.38
7790375268831,BAGO,BAGO,A0020,4721.77
7790375268848,BAGO,BAGO,A0020,5260.57
7790375268855,BAGO,BAGO,A0020,7443.01
7790375268862,BAGO,BAGO,A0020,7532.09
7790375268886,BAGO,BAGO,A0020,4750.73
7790375268916,BAGO,BAGO,A0020,2039.17
7790375268954,BAGO,BAGO,A0020,3884.7
7790375269227,BAGO,BAGO,A0020,2752.85
7790375269289,BAGO,BAGO,A0020,3453.57
7790375269296,BAGO,BAGO,A0020,2932.69
7790375269302,BAGO,BAGO,A0020,4620.98
7790375269319,BAGO,BAGO,A0020,3397.93
7790375269326,BAGO,BAGO,A0020,3651.63
7790375269340,BAGO,BAGO,A0020,6716.48
7790375269357,BAGO,BAGO,A0020,5740.08
7790375269449,BAGO,BAGO,A0020,4866.71
7790375269661,BAGO,BAGO,A0020,1428.59
7790375269678,BAGO,BAGO,A0020,1428.59
7790375269685,BAGO,BAGO,A0020,1428.59
7790375269692,BAGO,BAGO,A0020,1428.59
7790375269708,BAGO,BAGO,A0020,1428.59
7790375269715,BAGO,BAGO,A0020,1428.59
7790375269722,BAGO,BAGO,A0020,1428.59
7790375269739,BAGO,BAGO,A0020,1428.59
7790375269746,BAGO,BAGO,A0020,1428.59
7790375269753,BAGO,BAGO,A0020,1428.59
7790375269760,BAGO,BAGO,A0020,1500.12
7790375269777,BAGO,BAGO,A0020,1500.12
7790375269784,BAGO,BAGO,A0020,1500.12
7790375269913,BAGO,BAGO,A0020,1785.76
7790375270216,BAGO,BAGO,A0020,1615.68
7790808033883,DAMEDCO,DAMED,A0647,25999
7790808035177,DAMEDCO,DAMED,A0647,29299
7790813130126,GRAMON,GRAMO,A0106,1171.34
7790813130133,GRAMON,GRAMO,A0106,2519.97
7790813130140,GRAMON,GRAMO,A0106,1416.57
7790813130164,GRAMON,GRAMO,A0106,1416.57
7791001000184,BIFERDIL,BIFER,A0907,2627
7791001001563,BIFERDIL,BIFER,A0907,4260
7791001002751,BIFERDIL,BIFER,A0907,2128
7791001002836,BIFERDIL,BIFER,A0907,2128
7791001003581,BIFERDIL,BIFER,A0907,2176
7791001003697,BIFERDIL,BIFER,A0907,1991
7791001004069,BIFERDIL,BIFER,A0907,1904
7791001004175,BIFERDIL,BIFER,A0907,2716
7791001004182,BIFERDIL,BIFER,A0907,2708
7791001004304,BIFERDIL,BIFER,A0907,1805
7791001004441,BIFERDIL,BIFER,A0907,2884
7791001004465,BIFERDIL,BIFER,A0907,2429
7791001005349,BIFERDIL,BIFER,A0907,2741
7791001005820,BIFERDIL,BIFER,A0907,2438
7791001007800,BIFERDIL,BIFER,A0907,3086
7791001007817,BIFERDIL,BIFER,A0907,2876
7791001007824,BIFERDIL,BIFER,A0907,3068
7791001007831,BIFERDIL,BIFER,A0907,3068
7791001008852,BIFERDIL,BIFER,A0907,2605
7791001008975,BIFERDIL,BIFER,A0907,2745
7791001009163,BIFERDIL,BIFER,A0907,1945
7791001009859,BIFERDIL,BIFER,A0907,1902
7791001010442,BIFERDIL,BIFER,A0907,3351
7791001010794,BIFERDIL,BIFER,A0907,1802
7791001011579,BIFERDIL,BIFER,A0907,4555
7791001011791,BIFERDIL,BIFER,A0907,2119
7791600015138,CANNON,CANNO,A0425,6130
7791600024123,CANNON,CANNO,A0425,5580
7791600028015,CANNON,CANNO,A0425,4240
7791600030230,CANNON,CANNO,A0425,4070
7791600032029,CANNON,CANNO,A0425,3650
7791600037567,CANNON,CANNO,A0425,2280
7791600039011,CANNON,CANNO,A0425,9380
7791600041830,CANNON,CANNO,A0425,7600
7791600041922,CANNON,CANNO,A0425,9600
7791600045340,CANNON,CANNO,A0425,7600
7791600045418,CANNON,CANNO,A0425,9600
7791600049027,CANNON,CANNO,A0425,6350
7791600049133,CANNON,CANNO,A0425,6350
7791600049249,CANNON,CANNO,A0425,6350
7791600049690,CANNON,CANNO,A0425,6350
7791600059033,CANNON,CANNO,A0425,7600
7791600060039,CANNON,CANNO,A0425,3200
7791600064235,CANNON,CANNO,A0425,4290
7791600065256,CANNON,CANNO,A0425,6980
7791600070069,CANNON,CANNO,A0425,2860
7791600092535,CANNON,CANNO,A0425,8800
7791600134020,CANNON,CANNO,A0425,3990
7791600134136,CANNON,CANNO,A0425,4840
7791600154035,CANNON,CANNO,A0425,4880
7791600154141,CANNON,CANNO,A0425,5580
7791600164133,CANNON,CANNO,A0425,4370
7791600173630,CANNON,CANNO,A0425,5080
7791600186050,CANNON,CANNO,A0425,9390
7791600186166,CANNON,CANNO,A0425,7650
7791600187040,CANNON,CANNO,A0425,5890
7791600253325,CANNON,CANNO,A0425,6290
7791600266035,CANNON,CANNO,A0425,4470
7791600295028,CANNON,CANNO,A0425,5090
7791600295134,CANNON,CANNO,A0425,6070
7791600311025,CANNON,CANNO,A0425,7600
7791600311131,CANNON,CANNO,A0425,9600
7791600400125,CANNON,CANNO,A0425,9470
7791600400675,CANNON,CANNO,A0425,9470
7791600496135,CANNON,CANNO,A0425,4630
7791600512149,CANNON,CANNO,A0425,7900
7791600521240,CANNON,CANNO,A0425,8370
7791600572037,CANNON,CANNO,A0425,5780
7791600572143,CANNON,CANNO,A0425,5780
7791600582012,CANNON,CANNO,A0425,5490
7791600596248,CANNON,CANNO,A0425,6490
7791600596354,CANNON,CANNO,A0425,7900
7791600619589,CANNON,CANNO,A0425,6050
7791600667030,CANNON,CANNO,A0425,6790
7791600667252,CANNON,CANNO,A0425,7290
7791600667368,CANNON,CANNO,A0425,4150
7791600667474,CANNON,CANNO,A0425,7890
7791600742256,CANNON,CANNO,A0425,3540
7791600841843,CANNON,CANNO,A0425,8370
7791600843038,CANNON,CANNO,A0425,7350
7791984000010,GRAMON,GRAMO,A0106,5923.99
7791984000065,GRAMON,GRAMO,A0106,1940.6
7791984000294,GRAMON,GRAMO,A0106,2950.71
7791984000331,GRAMON,GRAMO,A0106,3948.92
7791984000485,GRAMON,GRAMO,A0106,3100.66
7791984000492,GRAMON,GRAMO,A0106,5332.54
7791984000508,GRAMON,GRAMO,A0106,7427.75
7791984000515,GRAMON,GRAMO,A0106,2240.47
7791984000713,GRAMON,GRAMO,A0106,3198.29
7791984000720,GRAMON,GRAMO,A0106,6245.57
7791984000881,GRAMON,GRAMO,A0106,6298.73
7791984000959,GRAMON,GRAMO,A0106,4698.02
7791984001055,GRAMON,GRAMO,A0106,5571.22
7791984001079,GRAMON,GRAMO,A0106,7066.62
7791984001086,GRAMON,GRAMO,A0106,6362.72
7791984999536,GRAMON,GRAMO,A0106,3791.08
7791984999918,GRAMON,GRAMO,A0106,3978.62
7791984999925,GRAMON,GRAMO,A0106,6715.3
7791984999949,GRAMON,GRAMO,A0106,3225.25
7791984999956,GRAMON,GRAMO,A0106,3113.51
7791984999994,GRAMON,GRAMO,A0106,5054.21
7792175001090,BERNABO,BERNA,A0027,2574.73
7792175001151,BERNABO,BERNA,A0027,5255.41
7792175009683,BERNABO,BERNA,A0027,6518.82
7792175009799,BERNABO,BERNA,A0027,4344.41
7792175010207,BERNABO,BERNA,A0027,2630.63
7792175010221,BERNABO,BERNA,A0027,2451.5
7792175010238,BERNABO,BERNA,A0027,2480.32
7792175010276,BERNABO,BERNA,A0027,7635.87
7792175010467,BERNABO,BERNA,A0027,4700
7792175010481,BERNABO,BERNA,A0027,4916.2
7792981000102,EMPRESA NUTRICION ARG,ENUTR,A1082,5500
7792981001031,EMPRESA NUTRICION ARG,ENUTR,A1082,6880
7792981001048,EMPRESA NUTRICION ARG,ENUTR,A1082,6880
7792981001185,EMPRESA NUTRICION ARG,ENUTR,A1082,6880
7792981001208,EMPRESA NUTRICION ARG,ENUTR,A1082,6880
7792981002199,EMPRESA NUTRICION ARG,ENUTR,A1082,2800
7792981003417,EMPRESA NUTRICION ARG,ENUTR,A1082,3300
7792981003516,EMPRESA NUTRICION ARG,ENUTR,A1082,3250
7792981003523,EMPRESA NUTRICION ARG,ENUTR,A1082,4000
7792981004506,EMPRESA NUTRICION ARG,ENUTR,A1082,7000
7792981005015,EMPRESA NUTRICION ARG,ENUTR,A1082,2400
7792981005039,EMPRESA NUTRICION ARG,ENUTR,A1082,7500
7792981005046,EMPRESA NUTRICION ARG,ENUTR,A1082,4800
7792981005084,EMPRESA NUTRICION ARG,ENUTR,A1082,7500
7792981010026,EMPRESA NUTRICION ARG,ENUTR,A1082,12900
7792981010071,EMPRESA NUTRICION ARG,ENUTR,A1082,12900
7792981058011,EMPRESA NUTRICION ARG,ENUTR,A1082,4700
7792981060021,EMPRESA NUTRICION ARG,ENUTR,A1082,10700
7792981060052,EMPRESA NUTRICION ARG,ENUTR,A1082,13400
7792981062018,EMPRESA NUTRICION ARG,ENUTR,A1082,10700
7792981062025,EMPRESA NUTRICION ARG,ENUTR,A1082,10700
7792981062032,EMPRESA NUTRICION ARG,ENUTR,A1082,10700
7792981063008,EMPRESA NUTRICION ARG,ENUTR,A1082,6000
7792981063015,EMPRESA NUTRICION ARG,ENUTR,A1082,6000
7792981063022,EMPRESA NUTRICION ARG,ENUTR,A1082,6000
7792981067006,EMPRESA NUTRICION ARG,ENUTR,A1082,8400
7793487064919,SAINT JULIEN,SAINT,A0491,2200
7793487064933,SAINT JULIEN,SAINT,A0491,2200
7793487817133,SAINT JULIEN,SAINT,A0491,4500
7793487817157,SAINT JULIEN,SAINT,A0491,4500
7793742002014,ANDROMACO,ANDRO,A0009,1463.4
7793742002670,ANDROMACO,ANDRO,A0009,3787.56
7793742002687,ANDROMACO,ANDRO,A0009,2633.04
7793742002922,ANDROMACO,ANDRO,A0009,5503.68
7793742002984,ANDROMACO,ANDRO,A0009,1938.6
7793742002991,ANDROMACO,ANDRO,A0009,4291.92
7793742003233,ANDROMACO,ANDRO,A0009,4207.68
7793742003264,ANDROMACO,ANDRO,A0009,5781.24
7793742003431,ANDROMACO,ANDRO,A0009,6097.68
7793742003448,ANDROMACO,ANDRO,A0009,6420.6
7793742003486,ANDROMACO,ANDRO,A0009,1975.32
7793742003493,ANDROMACO,ANDRO,A0009,5510.16
7793742003509,ANDROMACO,ANDRO,A0009,5649.48
7793742003516,ANDROMACO,ANDRO,A0009,5890.32
7793742003554,ANDROMACO,ANDRO,A0009,6978.96
7793742003592,ANDROMACO,ANDRO,A0009,6847.2
7793742003660,ANDROMACO,ANDRO,A0009,2316.6
7793742003707,ANDROMACO,ANDRO,A0009,6618.24
7793742003738,ANDROMACO,ANDRO,A0009,7061.04
7793742003776,ANDROMACO,ANDRO,A0009,7119.36
7793742003790,ANDROMACO,ANDRO,A0009,5678.64
7793742003806,ANDROMACO,ANDRO,A0009,5647.32
7793742003813,ANDROMACO,ANDRO,A0009,5306.04
7793742003967,ANDROMACO,ANDRO,A0009,6230.52
7793742003974,ANDROMACO,ANDRO,A0009,5727.24
7793742004018,ANDROMACO,ANDRO,A0009,2273.4
7793742004100,ANDROMACO,ANDRO,A0009,3193.56
7793742004308,ANDROMACO,ANDRO,A0009,3538.08
7793742004346,ANDROMACO,ANDRO,A0009,4946.4
7793742004353,ANDROMACO,ANDRO,A0009,4127.76
7793742004360,ANDROMACO,ANDRO,A0009,4127.76
7793742004377,ANDROMACO,ANDRO,A0009,5857.92
7793742004384,ANDROMACO,ANDRO,A0009,2248.56
7793742004391,ANDROMACO,ANDRO,A0009,6731.64
7793742004506,ANDROMACO,ANDRO,A0009,4471.2
7793742004513,ANDROMACO,ANDRO,A0009,1662.12
7793742004520,ANDROMACO,ANDRO,A0009,5979.96
7793742004568,ANDROMACO,ANDRO,A0009,5979.96
7793742004575,ANDROMACO,ANDRO,A0009,3057.48
7793742004643,ANDROMACO,ANDRO,A0009,1816.56
7793742004650,ANDROMACO,ANDRO,A0009,4753.08
7793742004759,ANDROMACO,ANDRO,A0009,5979.96
7793742005022,ANDROMACO,ANDRO,A0009,2977.56
7793742005039,ANDROMACO,ANDRO,A0009,3115.8
7793742005046,ANDROMACO,ANDRO,A0009,3119.04
7793742005428,ANDROMACO,ANDRO,A0009,4659.12
7793742005442,ANDROMACO,ANDRO,A0009,4659.12
7793742005466,ANDROMACO,ANDRO,A0009,4460.4
7793742005534,ANDROMACO,ANDRO,A0009,6873.12
7793742005541,ANDROMACO,ANDRO,A0009,7247.88
7793742007118,ANDROMACO,ANDRO,A0009,5489.64
7793742007309,ANDROMACO,ANDRO,A0009,7574.04
7793742007316,ANDROMACO,ANDRO,A0009,3375
7793742007330,ANDROMACO,ANDRO,A0009,3962.52
7793742007361,ANDROMACO,ANDRO,A0009,4051.08
7793742007378,ANDROMACO,ANDRO,A0009,5275.8
7793742007415,ANDROMACO,ANDRO,A0009,2805.84
7793742007422,ANDROMACO,ANDRO,A0009,7279.2
7793742007439,ANDROMACO,ANDRO,A0009,3556.44
7793742007507,ANDROMACO,ANDRO,A0009,6444.36
7793742007521,ANDROMACO,ANDRO,A0009,6444.36
7793742007545,ANDROMACO,ANDRO,A0009,6899.04
7793742007552,ANDROMACO,ANDRO,A0009,6899.04
7793742007569,ANDROMACO,ANDRO,A0009,4420.44
7793742007576,ANDROMACO,ANDRO,A0009,5801.76
7793742007583,ANDROMACO,ANDRO,A0009,3116.88
7793742007613,ANDROMACO,ANDRO,A0009,4085.64
7793742007620,ANDROMACO,ANDRO,A0009,5503.68
7793742007637,ANDROMACO,ANDRO,A0009,5503.68
7793742007644,ANDROMACO,ANDRO,A0009,5801.76
7793742007668,ANDROMACO,ANDRO,A0009,4077
7793742007675,ANDROMACO,ANDRO,A0009,5275.8
7793742007682,ANDROMACO,ANDRO,A0009,3903.12
7793742007705,ANDROMACO,ANDRO,A0009,7190.64
7793742007767,ANDROMACO,ANDRO,A0009,3183.84
7793742007774,ANDROMACO,ANDRO,A0009,4790.88
7793742007897,ANDROMACO,ANDRO,A0009,2241
7793742007903,ANDROMACO,ANDRO,A0009,5501.52
7793742007927,ANDROMACO,ANDRO,A0009,3465.72
7793742007958,ANDROMACO,ANDRO,A0009,5250.96
7793742007965,ANDROMACO,ANDRO,A0009,5250.96
7793742007972,ANDROMACO,ANDRO,A0009,6680.88
7793742007996,ANDROMACO,ANDRO,A0009,4413.96
7793742008542,ANDROMACO,ANDRO,A0009,8510.4
7793742008566,ANDROMACO,ANDRO,A0009,8163.72
7793742008573,ANDROMACO,ANDRO,A0009,8510.4
7793742008597,ANDROMACO,ANDRO,A0009,8510.4
7793742023439,ANDROMACO,ANDRO,A0009,6491.88
7793742032615,ANDROMACO,ANDRO,A0009,6009.12
7793742043512,ANDROMACO,ANDRO,A0009,6262.92
7793742108518,ANDROMACO,ANDRO,A0009,5562
7793742108587,ANDROMACO,ANDRO,A0009,8163.72
7793742208508,ANDROMACO,ANDRO,A0009,4725
7793742208522,ANDROMACO,ANDRO,A0009,7622.64
7793742208539,ANDROMACO,ANDRO,A0009,8163.72
7793970141615,BABELITO,BABEL,A0967,1039.74
7794207000798,BIOSINTEX RETAIL,BIRET,A1839,2607
7794207084101,BIOSINTEX RETAIL,BIRET,A1839,908
7794428000010,FORTBENTON,FORTB,A0095,4852.35
7794428000027,FORTBENTON,FORTB,A0095,8434.02
7794428000058,FORTBENTON,FORTB,A0095,8434.02
7794428010149,FORTBENTON,FORTB,A0095,3509.73
7794428010903,FORTBENTON,FORTB,A0095,4852.35
7794428010910,FORTBENTON,FORTB,A0095,8434.02
7794428011368,FORTBENTON,FORTB,A0095,4291.18
7794428011863,FORTBENTON,FORTB,A0095,4343.97
7794428011870,FORTBENTON,FORTB,A0095,4919.4
7794428012105,FORTBENTON,FORTB,A0095,9827.7
7794428300189,FORTBENTON,FORTB,A0095,4851.45
7794428300196,FORTBENTON,FORTB,A0095,4623.14
7794428312458,FORTBENTON,FORTB,A0095,6498.6
7794428312489,FORTBENTON,FORTB,A0095,8505.56
7794640170133,HALEON (GSK),HALEO,A2435,1298.7
7794640170386,HALEON (GSK),HALEO,A2435,1371.14
7794640170720,HALEON (GSK),HALEO,A2435,1398.31
7794640171550,HALEON (GSK),HALEO,A2435,1155.98
7794640171758,HALEON (GSK),HALEO,A2435,1858.89
7794640171765,HALEON (GSK),HALEO,A2435,1858.89
7794640171772,HALEON (GSK),HALEO,A2435,854.27
7794640172410,HALEON (GSK),HALEO,A2435,887.73
7794640172472,HALEON (GSK),HALEO,A2435,1348.33
7794640172731,HALEON (GSK),HALEO,A2435,2137.72
7794640172793,GLAXOSMITHKLINE OTC,GLOTC,A1615,2751.31
7794640172809,GLAXOSMITHKLINE OTC,GLOTC,A1615,4675.79
7794640172816,GLAXOSMITHKLINE OTC,GLOTC,A1615,3302.57
7794640172823,GLAXOSMITHKLINE OTC,GLOTC,A1615,5611.85
7794640172830,GLAXOSMITHKLINE OTC,GLOTC,A1615,3302.57
7794640172847,GLAXOSMITHKLINE OTC,GLOTC,A1615,5611.85
7794640172854,GLAXOSMITHKLINE OTC,GLOTC,A1615,3126.46
7794640172861,GLAXOSMITHKLINE OTC,GLOTC,A1615,5319.9
7794640172878,GLAXOSMITHKLINE OTC,GLOTC,A1615,6013.02
7794640172885,GLAXOSMITHKLINE OTC,GLOTC,A1615,6013.02
7794640173073,HALEON (GSK),HALEO,A2435,881.61
7794640173189,HALEON (GSK),HALEO,A2435,1009.28
7794640173219,HALEON (GSK),HALEO,A2435,1335.72
7794640662553,HALEON (GSK),HALEO,A2435,1199.09
7795312108928,OPELLA HEALTHCARE ARG,OPELL,A2361,4793.68
7795323000273,NUTRICIA-BAGO,NUTBG,A0128,11318
7795323001027,NUTRICIA-BAGO,NUTBG,A0128,26824
7795323001973,NUTRICIA-BAGO,NUTBG,A0128,12468
7795323002413,NUTRICIA-BAGO,NUTBG,A0128,5088
7795323002420,NUTRICIA-BAGO,NUTBG,A0128,7831
7795323002437,NUTRICIA-BAGO,NUTBG,A0128,7444
7795323002444,NUTRICIA-BAGO,NUTBG,A0128,6541
7795323002451,NUTRICIA-BAGO,NUTBG,A0128,6149
7795323002505,NUTRICIA-BAGO,NUTBG,A0128,1842
7795323002512,NUTRICIA-BAGO,NUTBG,A0128,1751
7795323002796,NUTRICIA-BAGO,NUTBG,A0128,8349
7795323002925,NUTRICIA-BAGO,NUTBG,A0128,13570
7795323003359,NUTRICIA-BAGO,NUTBG,A0128,35507
7795323003434,NUTRICIA-BAGO,NUTBG,A0128,26771
7795323772804,NUTRICIA-BAGO,NUTBG,A0128,14842
7795323773672,NUTRICIA-BAGO,NUTBG,A0128,17241
7795323773818,NUTRICIA-BAGO,NUTBG,A0128,9744
7795323773856,NUTRICIA-BAGO,NUTBG,A0128,8079
7795323773894,NUTRICIA-BAGO,NUTBG,A0128,10278
7795323773900,NUTRICIA-BAGO,NUTBG,A0128,8591
7795323773924,NUTRICIA-BAGO,NUTBG,A0128,19608
7795323774464,NUTRICIA-BAGO,NUTBG,A0128,4890
7795323774488,NUTRICIA-BAGO,NUTBG,A0128,2825
7795323774495,NUTRICIA-BAGO,NUTBG,A0128,2825
7795323774570,NUTRICIA-BAGO,NUTBG,A0128,465.5
7795323774587,NUTRICIA-BAGO,NUTBG,A0128,443.5
7795323774693,NUTRICIA-BAGO,NUTBG,A0128,11736
7795323774709,NUTRICIA-BAGO,NUTBG,A0128,11172
7795323774716,NUTRICIA-BAGO,NUTBG,A0128,10644
7795323774723,NUTRICIA-BAGO,NUTBG,A0128,10028.5
7795323774730,NUTRICIA-BAGO,NUTBG,A0128,8988
7795323774747,NUTRICIA-BAGO,NUTBG,A0128,8676
7795323774754,NUTRICIA-BAGO,NUTBG,A0128,8244
7795323774839,NUTRICIA-BAGO,NUTBG,A0128,5835
7795323774846,NUTRICIA-BAGO,NUTBG,A0128,5548
7795323774853,NUTRICIA-BAGO,NUTBG,A0128,4878
7795323774860,NUTRICIA-BAGO,NUTBG,A0128,4584
7795368002935,POEN,POEN,A0197,2300
7795368547368,POEN,POEN,A0197,1760
7795368547375,POEN,POEN,A0197,3043.18
7795368547412,POEN,POEN,A0197,6200
7795371000423,TRB-PHARMA,TRB-P,A0103,1379.16
7795371000980,TRB-PHARMA,TRB-P,A0103,1753.92
7795371001000,TRB-PHARMA,TRB-P,A0103,4075.92
7795371459245,TRB-PHARMA,TRB-P,A0103,1379.16
7795371459443,TRB-PHARMA,TRB-P,A0103,9515.88
7795371459504,TRB-PHARMA,TRB-P,A0103,10763.28
7795371459559,TRB-PHARMA,TRB-P,A0103,2491.56
7795371459603,TRB-PHARMA,TRB-P,A0103,10989
7796285273941,ELEA,ELEA,A1997,989
7796285277093,ELEA,ELEA,A1997,4456.57
7796285286828,ELEA,ELEA,A1997,1615.46
7796285289331,ELEA,ELEA,A1997,1845
7796285289348,ELEA,ELEA,A1997,2499.99
7796285290023,ELEA,ELEA,A1997,6472.15
7798008190771,FRAMINGHAM PHARM,FRAMI,A0606,6945
7798008190979,FRAMINGHAM PHARM,FRAMI,A0606,4850
7798008191044,FRAMINGHAM PHARM,FRAMI,A0606,3025
7798028880065,SILVESTRIN FABRIS,SILVE,A0405,910
7798028880072,SILVESTRIN FABRIS,SILVE,A0405,930
7798028880096,SILVESTRIN FABRIS,SILVE,A0405,1900
7798028880256,SILVESTRIN FABRIS,SILVE,A0405,23730
7798028880324,SILVESTRIN FABRIS,SILVE,A0405,88870
7798028880348,SILVESTRIN FABRIS,SILVE,A0405,103450
7798028880386,SILVESTRIN FABRIS,SILVE,A0405,24900
7798028880768,SILVESTRIN FABRIS,SILVE,A0405,5023
7798028881697,SILVESTRIN FABRIS,SILVE,A0405,29290
7798028881895,SILVESTRIN FABRIS,SILVE,A0405,8040
7798028882168,SILVESTRIN FABRIS,SILVE,A0405,32690
7798028882649,SILVESTRIN FABRIS,SILVE,A0405,18820
7798028882656,SILVESTRIN FABRIS,SILVE,A0405,33760
7798028882687,SILVESTRIN FABRIS,SILVE,A0405,24900
7798028882922,SILVESTRIN FABRIS,SILVE,A0405,12290
7798028883073,SILVESTRIN FABRIS,SILVE,A0405,9620
7798028883127,SILVESTRIN FABRIS,SILVE,A0405,40940
7798028883134,SILVESTRIN FABRIS,SILVE,A0405,40940
7798028883400,SILVESTRIN FABRIS,SILVE,A0405,11710
7798028883479,SILVESTRIN FABRIS,SILVE,A0405,8730
7798028883486,SILVESTRIN FABRIS,SILVE,A0405,13360
7798028883493,SILVESTRIN FABRIS,SILVE,A0405,9930
7798028883509,SILVESTRIN FABRIS,SILVE,A0405,16850
7798028883516,SILVESTRIN FABRIS,SILVE,A0405,21080
7798028883523,SILVESTRIN FABRIS,SILVE,A0405,12310
7798028883530,SILVESTRIN FABRIS,SILVE,A0405,13820
7798028883769,SILVESTRIN FABRIS,SILVE,A0405,30990
7798028883783,SILVESTRIN FABRIS,SILVE,A0405,9730
7798028883899,SILVESTRIN FABRIS,SILVE,A0405,22520
7798028883943,SILVESTRIN FABRIS,SILVE,A0405,1500
7798028883950,SILVESTRIN FABRIS,SILVE,A0405,2320
7798028883967,SILVESTRIN FABRIS,SILVE,A0405,3970
7798028883974,SILVESTRIN FABRIS,SILVE,A0405,4920
7798028883981,SILVESTRIN FABRIS,SILVE,A0405,5020
7798028883998,SILVESTRIN FABRIS,SILVE,A0405,2710
7798028884001,SILVESTRIN FABRIS,SILVE,A0405,1850
7798028884018,SILVESTRIN FABRIS,SILVE,A0405,1790
7798028884131,SILVESTRIN FABRIS,SILVE,A0405,29500
7798028884216,SILVESTRIN FABRIS,SILVE,A0405,13450
7798028884223,SILVESTRIN FABRIS,SILVE,A0405,9528
7798028884230,SILVESTRIN FABRIS,SILVE,A0405,9154
7798028884247,SILVESTRIN FABRIS,SILVE,A0405,15960
7798028884292,SILVESTRIN FABRIS,SILVE,A0405,11560
7798028884391,SILVESTRIN FABRIS,SILVE,A0405,17510
7798028884407,SILVESTRIN FABRIS,SILVE,A0405,9900
7798028884414,SILVESTRIN FABRIS,SILVE,A0405,11600
7798028884421,SILVESTRIN FABRIS,SILVE,A0405,11150
7798028884469,SILVESTRIN FABRIS,SILVE,A0405,14710
7798028884506,SILVESTRIN FABRIS,SILVE,A0405,39760
7798034740032,GRIMBERG,GRIMB,A0113,990
7798034740537,GRIMBERG,GRIMB,A0113,1390
7798034743118,GRIMBERG,GRIMB,A0113,940
7798034744146,GRIMBERG,GRIMB,A0113,940
7798034748557,GRIMBERG,GRIMB,A0113,1190
7798034748564,GRIMBERG,GRIMB,A0113,1190
7798034749240,GRIMBERG,GRIMB,A0113,1100
7798034749257,GRIMBERG,GRIMB,A0113,1100
7798051851575,PANALAB,PANAL,A0883,5435
7798051851698,PANALAB,PANAL,A0883,9981
7798051851933,PANALAB,PANAL,A0883,13633
7798051852220,PANALAB,PANAL,A0883,17013
7798095410226,PIERRE FABRE DER,FABRE,A0947,4874
7798095410233,PIERRE FABRE DER,FABRE,A0947,6622
7798095410240,PIERRE FABRE DER,FABRE,A0947,11240
7798095410417,PIERRE FABRE DER,FABRE,A0947,13981
7798095413845,PIERRE FABRE DER,FABRE,A0947,9382
7798095414729,PIERRE FABRE DER,FABRE,A0947,10654
7798095415214,PIERRE FABRE DER,FABRE,A0947,10159
7798095415238,PIERRE FABRE DER,FABRE,A0947,11041
7798095415290,PIERRE FABRE DER,FABRE,A0947,7518
7798095415306,PIERRE FABRE DER,FABRE,A0947,8945
7798095415313,PIERRE FABRE DER,FABRE,A0947,8152
7798095415320,PIERRE FABRE DER,FABRE,A0947,5831
7798095415337,PIERRE FABRE DER,FABRE,A0947,11280
7798095415764,PIERRE FABRE DER,FABRE,A0947,11264
7798095415771,PIERRE FABRE DER,FABRE,A0947,5020
7798095415801,PIERRE FABRE DER,FABRE,A0947,8947
7798095417911,PIERRE FABRE DER,FABRE,A0947,6481
7798095417942,PIERRE FABRE DER,FABRE,A0947,11336
7798095418383,PIERRE FABRE DER,FABRE,A0947,20560
7798095418390,PIERRE FABRE DER,FABRE,A0947,20595
7798095418413,PIERRE FABRE DER,FABRE,A0947,19848
7798095418970,PIERRE FABRE DER,FABRE,A0947,10155
7798095418987,PIERRE FABRE DER,FABRE,A0947,10109
7798095418994,PIERRE FABRE DER,FABRE,A0947,7241
7798095419007,PIERRE FABRE DER,FABRE,A0947,9720
7798095419908,PIERRE FABRE DER,FABRE,A0947,18426
7798095419991,PIERRE FABRE DER,FABRE,A0947,7356
7798102150671,AREX,AREX,A1277,7950
7798102150701,AREX,AREX,A1277,7950
7798120265562,COPAHUE,COPAH,A1292,4300
7798120265777,COPAHUE,COPAH,A1292,5000
7798120265814,COPAHUE,COPAH,A1292,3900
7798122341417,EUROLAB,EUROL,A1179,1785
7798122341424,EUROLAB,EUROL,A1179,1785
7798122341547,EUROLAB,EUROL,A1179,1890
7798122341561,EUROLAB,EUROL,A1179,1150
7798122341578,EUROLAB,EUROL,A1179,4640
7798122341646,EUROLAB,EUROL,A1179,4750
7798122341653,EUROLAB,EUROL,A1179,3360
7798122341691,EUROLAB,EUROL,A1179,2550
7798140250289,GENOMMA,GENOM,A1354,3052.4
7798158482474,GRIMBERG,GRIMB,A0113,950
7798158482788,GRIMBERG,GRIMB,A0113,1100
7798158482795,GRIMBERG,GRIMB,A0113,1100
7798158489589,GRIMBERG,GRIMB,A0113,950
7798158489596,GRIMBERG,GRIMB,A0113,950
7798173570019,GARRE GUEVARA SR,GARRE,A1562,7579.96
7798173570026,GARRE GUEVARA SR,GARRE,A1562,4437.14
7798173570033,GARRE GUEVARA SR,GARRE,A1562,2855.36
7798173570088,GARRE GUEVARA SR,GARRE,A1562,6593.18
7798173570101,GARRE GUEVARA SR,GARRE,A1562,4437.14
7798173570132,GARRE GUEVARA SR,GARRE,A1562,6593.18
7798176000650,MEAD JOHNSON NUTRITION,MEADJ,A1602,13299.3
7798176000667,MEAD JOHNSON NUTRITION,MEADJ,A1602,11670.84
7798176000674,MEAD JOHNSON NUTRITION,MEADJ,A1602,12620.1
7798176000681,MEAD JOHNSON NUTRITION,MEADJ,A1602,11073.12
7798176000759,MEAD JOHNSON NUTRITION,MEADJ,A1602,7862.16
7798176000766,MEAD JOHNSON NUTRITION,MEADJ,A1602,7473.17
7798176000780,MEAD JOHNSON NUTRITION,MEADJ,A1602,16560.3
7798176000797,MEAD JOHNSON NUTRITION,MEADJ,A1602,15745.8
7798176001220,MEAD JOHNSON NUTRITION,MEADJ,A1602,15016.8
7798176001237,MEAD JOHNSON NUTRITION,MEADJ,A1602,14904.72
7798176001244,MEAD JOHNSON NUTRITION,MEADJ,A1602,14171.28
7798176009639,MEAD JOHNSON NUTRITION,MEADJ,A1602,1628.45
7798176009677,MEAD JOHNSON NUTRITION,MEADJ,A1602,972.57
7798176009691,MEAD JOHNSON NUTRITION,MEADJ,A1602,922.76
7798176009752,MEAD JOHNSON NUTRITION,MEADJ,A1602,6779.89
7798176009776,MEAD JOHNSON NUTRITION,MEADJ,A1602,6147.36
7798176009790,MEAD JOHNSON NUTRITION,MEADJ,A1602,5660.85
7798176009875,MEAD JOHNSON NUTRITION,MEADJ,A1602,11941.2
7798176009882,MEAD JOHNSON NUTRITION,MEADJ,A1602,19541.4
7798181640674,ETHICAL NUTRITION,ETHNU,A2143,4862.76
7798195030010,POEN,POEN,A0197,1950
7798195030027,POEN,POEN,A0197,3450
7798195030034,POEN,POEN,A0197,1750
7798195030041,POEN,POEN,A0197,2800
7798195030058,POEN,POEN,A0197,2350
7798195030065,POEN,POEN,A0197,1670
7798195030072,POEN,POEN,A0197,1950
7798195030157,POEN,POEN,A0197,2250
7798195030164,POEN,POEN,A0197,2900
7798195030218,POEN,POEN,A0197,1250
7798195031031,POEN,POEN,A0197,2050
7798195031062,POEN,POEN,A0197,3350
7798195031109,POEN,POEN,A0197,850
7799075000017,PIERRE FABRE DER,FABRE,A0947,8583
7799075000024,PIERRE FABRE DER,FABRE,A0947,8583
7799075000048,PIERRE FABRE DER,FABRE,A0947,9138
7799075000062,PIERRE FABRE DER,FABRE,A0947,7481
7799075000086,PIERRE FABRE DER,FABRE,A0947,16198
7799075000208,PIERRE FABRE DER,FABRE,A0947,5048
7799075000345,PIERRE FABRE DER,FABRE,A0947,23896
7799075000352,PIERRE FABRE DER,FABRE,A0947,23896
7799075000369,PIERRE FABRE DER,FABRE,A0947,19320
7799075000376,PIERRE FABRE DER,FABRE,A0947,23896
7799075000819,PIERRE FABRE DER,FABRE,A0947,8470
7799075000826,PIERRE FABRE DER,FABRE,A0947,14721
7799075000833,PIERRE FABRE DER,FABRE,A0947,15314
7799075001113,PIERRE FABRE DER,FABRE,A0947,19494
7799075001120,PIERRE FABRE DER,FABRE,A0947,19146
7799075001137,PIERRE FABRE DER,FABRE,A0947,19146
7799075001144,PIERRE FABRE DER,FABRE,A0947,17054
7799075001380,PIERRE FABRE DER,FABRE,A0947,4410
7799075001625,PIERRE FABRE DER,FABRE,A0947,7895
7799075001632,PIERRE FABRE DER,FABRE,A0947,9349
7799075001656,PIERRE FABRE DER,FABRE,A0947,9578
7799075001786,PIERRE FABRE DER,FABRE,A0947,12141
7799075001892,PIERRE FABRE DER,FABRE,A0947,3522
7804900000251,HALEON (GSK),HALEO,A2435,1450.64
7891000099537,NESTLE,NESTL,A0181,3665.1
7891000099551,NESTLE,NESTL,A0181,5010.64
7891010253844,JOHNSON&JOHN (NEUTROGENA),NEUTR,A0994,1053
7891010882983,JOHNSON&JOHN (NEUTROGENA),NEUTR,A0994,2960.33
7896009419270,HALEON (GSK),HALEO,A2435,519.11
7896009419294,HALEON (GSK),HALEO,A2435,808.31
7896015519223,HALEON (GSK),HALEO,A2435,643.33
7896015520045,HALEON (GSK),HALEO,A2435,768.84
7896015520526,HALEON (GSK),HALEO,A2435,1089.54
7896015527433,HALEON (GSK),HALEO,A2435,830.93
7896015527457,HALEON (GSK),HALEO,A2435,1246.49
7896015591786,HALEON (GSK),HALEO,A2435,1298.7
7899706149211,LA ROCHE-POSAY (LOREAL),POSSA,A0564,7035
8007403115807,DAMEDCO,DAMED,A0647,28199
8411061002865,FRAG (PUIG PRESTIGE),PPRES,A1429,76895
8411061023655,FRAG (PUIG PRESTIGE),PPRES,A1429,63700
8411061024485,FRAG (PUIG PRESTIGE),PPRES,A1429,39500
8411061026250,FRAG (PUIG PRESTIGE),PPRES,A1429,53350
8411061026342,FRAG (PUIG PRESTIGE),PPRES,A1429,65550
8411061041659,FRAG (PUIG PRESTIGE),PPRES,A1429,43800
8411061041673,FRAG (PUIG PRESTIGE),PPRES,A1429,41700
8411061043844,FRAG (PUIG PRESTIGE),PPRES,A1429,50650
8411061043868,FRAG (PUIG PRESTIGE),PPRES,A1429,49450
8411061043875,FRAG (PUIG PRESTIGE),PPRES,A1429,56000
8411061341803,FRAG (PUIG PRESTIGE),PPRES,A1429,11990
8411061607152,FRAG (PUIG PRESTIGE),PPRES,A1429,47850
8411061607169,FRAG (PUIG PRESTIGE),PPRES,A1429,38950
8411061607176,FRAG (PUIG PRESTIGE),PPRES,A1429,30450
8411061636268,FRAG (PUIG BEAUTY),PUIG,A1248,11570
8411061636275,FRAG (PUIG BEAUTY),PUIG,A1248,9375
8411061665022,FRAG (PUIG PRESTIGE),PPRES,A1429,41950
8411061665039,FRAG (PUIG PRESTIGE),PPRES,A1429,35000
8411061695951,FRAG (PUIG BEAUTY),PUIG,A1248,11570
8411061701034,FRAG (PUIG BEAUTY),PUIG,A1248,12940
8411061701041,FRAG (PUIG BEAUTY),PUIG,A1248,9375
8411061711767,FRAG (PUIG PRESTIGE),PPRES,A1429,62250
8411061711804,FRAG (PUIG PRESTIGE),PPRES,A1429,50700
8411061722756,FRAG (PUIG BEAUTY),PUIG,A1248,12940
8411061723760,FRAG (PUIG PRESTIGE),PPRES,A1429,49450
8411061727935,FRAG (PUIG BEAUTY),PUIG,A1248,9375
8411061737835,FRAG (PUIG BEAUTY),PUIG,A1248,17500
8411061777176,FRAG (PUIG PRESTIGE),PPRES,A1429,62250
8411061777183,FRAG (PUIG PRESTIGE),PPRES,A1429,50700
8411061781197,FRAG (PUIG PRESTIGE),PPRES,A1429,39600
8411061784273,FRAG (PUIG BEAUTY),PUIG,A1248,12940
8411061784280,FRAG (PUIG BEAUTY),PUIG,A1248,9375
8411061791691,FRAG (PUIG BEAUTY),PUIG,A1248,19355
8411061813973,FRAG (PUIG BEAUTY),PUIG,A1248,12940
8411061819623,FRAG (PUIG BEAUTY),PUIG,A1248,9375
8411061819685,FRAG (PUIG BEAUTY),PUIG,A1248,19355
8411061829530,FRAG (PUIG BEAUTY),PUIG,A1248,19355
8411061838778,FRAG (PUIG PRESTIGE),PPRES,A1429,77800
8411061853207,FRAG (PUIG PRESTIGE),PPRES,A1429,71700
8411061860410,FRAG (PUIG BEAUTY),PUIG,A1248,11905
8411061860441,FRAG (PUIG BEAUTY),PUIG,A1248,8795
8411061860502,FRAG (PUIG BEAUTY),PUIG,A1248,12940
8411061860564,FRAG (PUIG BEAUTY),PUIG,A1248,9375
8411061865408,FRAG (PUIG PRESTIGE),PPRES,A1429,59000
8411061865439,FRAG (PUIG PRESTIGE),PPRES,A1429,59000
8411061865460,FRAG (PUIG PRESTIGE),PPRES,A1429,48000
8411061869253,FRAG (PUIG PRESTIGE),PPRES,A1429,41300
8411061869406,FRAG (PUIG PRESTIGE),PPRES,A1429,42300
8411061870518,FRAG (PUIG PRESTIGE),PPRES,A1429,73450
8411061894026,FRAG (PUIG PRESTIGE),PPRES,A1429,48000
8411061896259,FRAG (PUIG PRESTIGE),PPRES,A1429,41300
8411061906651,FRAG (PUIG PRESTIGE),PPRES,A1429,37300
8411061923245,FRAG (PUIG PRESTIGE),PPRES,A1429,53750
8411061926093,FRAG (PUIG PRESTIGE),PPRES,A1429,44900
8411061958483,FRAG (PUIG PRESTIGE),PPRES,A1429,85215
8411061971857,FRAG (PUIG BEAUTY),PUIG,A1248,14700
8411061971925,FRAG (PUIG BEAUTY),PUIG,A1248,10770
8411061972656,FRAG (PUIG PRESTIGE),PPRES,A1429,49000
8411061974759,FRAG (PUIG PRESTIGE),PPRES,A1429,40900
8411061982068,FRAG (PUIG PRESTIGE),PPRES,A1429,69875
8411061982105,FRAG (PUIG BEAUTY),PUIG,A1248,11375
8411061982617,FRAG (PUIG BEAUTY),PUIG,A1248,8175
8411061991886,FRAG (PUIG PRESTIGE),PPRES,A1429,59150
8411061991909,FRAG (PUIG PRESTIGE),PPRES,A1429,49400
8411061994696,FRAG (PUIG PRESTIGE),PPRES,A1429,60400
8411061994702,FRAG (PUIG PRESTIGE),PPRES,A1429,49200
8411061995754,FRAG (PUIG PRESTIGE),PPRES,A1429,68850
8411061996539,FRAG (PUIG PRESTIGE),PPRES,A1429,38400
8411061999264,FRAG (PUIG BEAUTY),PUIG,A1248,11615
8411061999332,FRAG (PUIG BEAUTY),PUIG,A1248,16100
8411114057187,JULERIAQUE,JULER,A2195,27400
8411114057194,JULERIAQUE,JULER,A2195,27400
8427030007397,ABBOTT NUTRICION,ABBNU,A1677,6924.56
8427030007403,ABBOTT NUTRICION,ABBNU,A1677,13619.62
8427030008028,ABBOTT NUTRICION,ABBNU,A1677,6924.56
8429420079717,ISDIN,ISDIN,A1289,11030.54
8429420113374,ISDIN,ISDIN,A1289,25889.4
8429420128644,ISDIN,ISDIN,A1289,13179.8
8429420136472,ISDIN,ISDIN,A1289,12716.62
8429420137974,ISDIN,ISDIN,A1289,3358.11
8429420138346,ISDIN,ISDIN,A1289,14909.74
8429420142312,ISDIN,ISDIN,A1289,9697.12
8429420154186,ISDIN,ISDIN,A1289,9423.42
8429420157613,ISDIN,ISDIN,A1289,32254.73
8429420157651,ISDIN,ISDIN,A1289,28615.9
8429420160613,ISDIN,ISDIN,A1289,11886.74
8429420161214,ISDIN,ISDIN,A1289,10505.95
8429420164390,ISDIN,ISDIN,A1289,23419.07
8429420164406,ISDIN,ISDIN,A1289,7379.43
8429420165472,ISDIN,ISDIN,A1289,9872.57
8429420172401,ISDIN,ISDIN,A1289,33549.55
8429420175310,ISDIN,ISDIN,A1289,16734.42
8429420175327,ISDIN,ISDIN,A1289,16734.42
8429420175341,ISDIN,ISDIN,A1289,17908.18
8429420175372,ISDIN,ISDIN,A1289,17908.18
8429420187917,ISDIN,ISDIN,A1289,14202.68
8429420188020,ISDIN,ISDIN,A1289,14793.94
8429420190986,ISDIN,ISDIN,A1289,11886.74
8429420192263,ISDIN,ISDIN,A1289,10793.68
8429420195950,ISDIN,ISDIN,A1289,9423.42
8429420196377,ISDIN,ISDIN,A1289,9340.96
8429420199163,ISDIN,ISDIN,A1289,2163.3
8429420200678,ISDIN,ISDIN,A1289,20527.65
8429420201361,ISDIN,ISDIN,A1289,10260.32
8429420203082,ISDIN,ISDIN,A1289,25889.4
8429420210547,ISDIN,ISDIN,A1289,8356.68
8429420215078,ISDIN,ISDIN,A1289,12020.08
8429420216068,ISDIN,ISDIN,A1289,30058.09
8429420226135,ISDIN,ISDIN,A1289,18450.32
8429420226265,ISDIN,ISDIN,A1289,9423.42
8429420226272,ISDIN,ISDIN,A1289,7853.14
8430351066011,GALDERMA,GALDE,A0502,6490
8433982016493,FRAG (PUIG BEAUTY),PUIG,A1248,12100
8433982020568,FRAG (PUIG BEAUTY),PUIG,A1248,9920
8436581945133,JULERIAQUE,JULER,A2195,29800
8436581945140,JULERIAQUE,JULER,A2195,29800
8470001585066,ISDIN,ISDIN,A1289,8577.75
8470001631718,ISDIN,ISDIN,A1289,8326.86
8470001654557,ISDIN,ISDIN,A1289,11107.74
8470001699664,ISDIN,ISDIN,A1289,8326.86
8470001769145,ISDIN,ISDIN,A1289,24241.93
8470001769169,ISDIN,ISDIN,A1289,21341.74
8470001812353,ISDIN,ISDIN,A1289,33549.55
8470001864802,ISDIN,ISDIN,A1289,29542.27
8470001864826,ISDIN,ISDIN,A1289,24433.17
8470001880154,ISDIN,ISDIN,A1289,3961.66
8470001915528,ISDIN,ISDIN,A1289,10714.73
8470003233941,ISDIN,ISDIN,A1289,9188.32
8470003854849,ISDIN,ISDIN,A1289,5435.44
8710428010544,ABBOTT NUTRICION,ABBNU,A1677,1922.3
8710428010742,ABBOTT NUTRICION,ABBNU,A1677,6924.56
8710428011473,ABBOTT NUTRICION,ABBNU,A1677,1511.16
8710428011497,ABBOTT NUTRICION,ABBNU,A1677,1511.16
8710428013514,ABBOTT NUTRICION,ABBNU,A1677,5512.28
8710428013637,ABBOTT NUTRICION,ABBNU,A1677,14698.3
8710428014085,ABBOTT NUTRICION,ABBNU,A1677,6924.56
8710428017994,ABBOTT NUTRICION,ABBNU,A1677,1637.18
8710428018014,ABBOTT NUTRICION,ABBNU,A1677,1637.18
8710428018038,ABBOTT NUTRICION,ABBNU,A1677,1637.18
8710428019516,ABBOTT NUTRICION,ABBNU,A1677,1511.16
8710428022141,ABBOTT NUTRICION,ABBNU,A1677,7347.97
8712400771313,NUTRICIA-BAGO,NUTBG,A0128,15711
8712400801072,NUTRICIA-BAGO,NUTBG,A0128,13855
8712400801089,NUTRICIA-BAGO,NUTBG,A0128,33391
8718117601066,NUTRICIA-BAGO,NUTBG,A0128,33393
8886451005656,ABBOTT NUTRICION,ABBNU,A1677,5042.62
8886451005663,ABBOTT NUTRICION,ABBNU,A1677,5042.62